name,strength
Abomasnow,494
Abomasnow,494
Abomasnow,494
Abomasnow,494
Abomasnow,494
Abomasnow,494
Abomasnow,494
Abra,310
Abra,310
Abra,310
Abra,310
Abra,310
Abra,310
Abra,310
Abra,310
Abra,310
Abra,310
Abra,310
Absol,465
Absol,465
Absol,465
Absol,465
Absol,465
Absol,465
Absol,465
Absol,465
Absol,465
Absol,465
Absol,465
Absol,465
Absol,465
Absol,465
Absol,465
Absol,465
Accelgor,495
Accelgor,495
Aegislash,520
Aegislash,520
Aegislash,520
Aegislash,520
Aerodactyl,515
Aerodactyl,515
Aerodactyl,515
Aerodactyl,515
Aerodactyl,515
Aerodactyl,515
Aerodactyl,515
Aerodactyl,515
Aerodactyl,515
Aerodactyl,515
Aerodactyl,515
Aerodactyl,515
Aerodactyl,515
Aerodactyl,515
Aerodactyl,515
Aerodactyl,515
Aggron,530
Aggron,530
Aggron,530
Aggron,530
Aggron,530
Aggron,530
Aggron,530
Aipom,360
Aipom,360
Aipom,360
Aipom,360
Aipom,360
Aipom,360
Aipom,360
Aipom,360
Aipom,360
Aipom,360
Aipom,360
Alakazam,500
Alakazam,500
Alakazam,500
Alakazam,500
Alakazam,500
Alakazam,500
Alakazam,500
Alakazam,500
Alakazam,500
Alakazam,500
Alakazam,500
Alakazam,500
Alakazam,500
Alakazam,500
Alakazam,500
Alakazam,500
Alomomola,470
Alomomola,470
Altaria,490
Altaria,490
Altaria,490
Altaria,490
Altaria,490
Amaura,362
Amaura,362
Ambipom,482
Ambipom,482
Ambipom,482
Ambipom,482
Ambipom,482
Ambipom,482
Ambipom,482
Ambipom,482
Amoonguss,464
Amoonguss,464
Ampharos,510
Ampharos,510
Ampharos,510
Ampharos,510
Ampharos,510
Ampharos,510
Ampharos,510
Ampharos,510
Ampharos,510
Ampharos,510
Ampharos,510
Anorith,355
Anorith,355
Anorith,355
Anorith,355
Anorith,355
Araquanid,454
Araquanid,454
Araquanid,454
Araquanid,454
Arbok,438
Arbok,438
Arbok,438
Arbok,438
Arbok,438
Arbok,438
Arbok,438
Arbok,438
Arbok,438
Arbok,438
Arcanine,555
Arcanine,555
Arcanine,555
Arcanine,555
Arcanine,555
Arcanine,555
Arcanine,555
Arcanine,555
Arcanine,555
Arceus,720
Arceus,720
Arceus,720
Arceus,720
Arceus,720
Arceus,720
Arceus,720
Arceus,720
Arceus,720
Arceus,720
Arceus,720
Arceus,720
Arceus,720
Arceus,720
Arceus,720
Arceus,720
Arceus,720
Arceus,720
Arceus,720
Arceus,720
Arceus,720
Arceus,720
Arceus,720
Arceus,720
Arceus,720
Arceus,720
Arceus,720
Arceus,720
Arceus,720
Arceus,720
Arceus,720
Archen,401
Archen,401
Archen,401
Archen,401
Archen,401
Archeops,567
Archeops,567
Archeops,567
Archeops,567
Ariados,390
Ariados,390
Ariados,390
Ariados,390
Ariados,390
Ariados,390
Ariados,390
Ariados,390
Armaldo,495
Armaldo,495
Armaldo,495
Armaldo,495
Armaldo,495
Armaldo,495
Aromatisse,462
Aromatisse,462
Aron,330
Aron,330
Aron,330
Aron,330
Aron,330
Aron,330
Aron,330
Articuno,580
Articuno,580
Articuno,580
Articuno,580
Articuno,580
Articuno,580
Articuno,580
Articuno,580
Articuno,580
Articuno,580
Articuno,580
Articuno,580
Articuno,580
Articuno,580
Articuno,580
Articuno,580
Audino,445
Audino,445
Audino,445
Audino,445
Audino,445
Audino,445
Audino,445
Aurorus,521
Aurorus,521
Avalugg,514
Avalugg,514
Axew,320
Axew,320
Axew,320
Axew,320
Axew,320
Azelf,580
Azelf,580
Azelf,580
Azelf,580
Azelf,580
Azelf,580
Azelf,580
Azelf,580
Azumarill,420
Azumarill,420
Azumarill,420
Azumarill,420
Azumarill,420
Azumarill,420
Azumarill,420
Azumarill,420
Azurill,237
Azurill,237
Azurill,237
Azurill,237
Azurill,237
Azurill,237
Azurill,237
Bagon,300
Bagon,300
Bagon,300
Bagon,300
Bagon,300
Bagon,300
Bagon,300
Bagon,300
Bagon,300
Baltoy,300
Baltoy,300
Baltoy,300
Baltoy,300
Baltoy,300
Baltoy,300
Banette,455
Banette,455
Banette,455
Banette,455
Banette,455
Banette,455
Banette,455
Banette,455
Banette,455
Barbaracle,500
Barbaracle,500
Barboach,288
Barboach,288
Barboach,288
Barboach,288
Barboach,288
Barboach,288
Barboach,288
Basculin,460
Basculin,460
Basculin,460
Basculin,460
Bastiodon,495
Bastiodon,495
Bastiodon,495
Bastiodon,495
Bastiodon,495
Bastiodon,495
Bastiodon,495
Bayleef,405
Bayleef,405
Bayleef,405
Bayleef,405
Bayleef,405
Bayleef,405
Bayleef,405
Bayleef,405
Beartic,485
Beartic,485
Beautifly,395
Beautifly,395
Beautifly,395
Beautifly,395
Beautifly,395
Beautifly,395
Beedrill,495
Beedrill,495
Beedrill,495
Beedrill,495
Beedrill,495
Beedrill,495
Beedrill,495
Beedrill,495
Beedrill,495
Beheeyem,485
Beheeyem,485
Beldum,300
Beldum,300
Beldum,300
Beldum,300
Beldum,300
Beldum,300
Bellossom,490
Bellossom,490
Bellossom,490
Bellossom,490
Bellossom,490
Bellossom,490
Bellossom,490
Bellsprout,300
Bellsprout,300
Bellsprout,300
Bellsprout,300
Bellsprout,300
Bellsprout,300
Bellsprout,300
Bellsprout,300
Bergmite,304
Bergmite,304
Bewear,500
Bewear,500
Bewear,500
Bewear,500
Bibarel,410
Bibarel,410
Bibarel,410
Bibarel,410
Bibarel,410
Bidoof,250
Bidoof,250
Bidoof,250
Bidoof,250
Bidoof,250
Bidoof,250
Bidoof,250
Binacle,306
Binacle,306
Bisharp,490
Bisharp,490
Bisharp,490
Blacephalon,570
Blacephalon,570
Blastoise,630
Blastoise,630
Blastoise,630
Blastoise,630
Blastoise,630
Blastoise,630
Blastoise,630
Blastoise,630
Blastoise,630
Blastoise,630
Blastoise,630
Blastoise,630
Blastoise,630
Blastoise,630
Blastoise,630
Blastoise,630
Blastoise,630
Blastoise,630
Blastoise,630
Blastoise,630
Blastoise,630
Blastoise,630
Blaziken,530
Blaziken,530
Blaziken,530
Blaziken,530
Blaziken,530
Blaziken,530
Blaziken,530
Blaziken,530
Blaziken,530
Blaziken,530
Blaziken,530
Blaziken,530
Blaziken,530
Blaziken,530
Blaziken,530
Blaziken,530
Blissey,540
Blissey,540
Blissey,540
Blissey,540
Blissey,540
Blissey,540
Blissey,540
Blitzle,295
Blitzle,295
Boldore,390
Boldore,390
Boldore,390
Boldore,390
Bonsly,290
Bonsly,290
Bonsly,290
Bonsly,290
Bonsly,290
Bonsly,290
Bonsly,290
Bonsly,290
Bonsly,290
Bonsly,290
Bonsly,290
Bonsly,290
Bouffalant,490
Bouffalant,490
Bouffalant,490
Bounsweet,210
Bounsweet,210
Bounsweet,210
Braixen,409
Braixen,409
Braixen,409
Braixen,409
Braixen,409
Braixen,409
Braixen,409
Braviary,510
Braviary,510
Breloom,460
Breloom,460
Breloom,460
Breloom,460
Breloom,460
Breloom,460
Brionne,420
Brionne,420
Brionne,420
Brionne,420
Brionne,420
Bronzong,500
Bronzong,500
Bronzor,300
Bronzor,300
Bronzor,300
Bronzor,300
Bruxish,475
Bruxish,475
Bruxish,475
Bruxish,475
Budew,250
Budew,250
Budew,250
Budew,250
Budew,250
Buizel,330
Buizel,330
Buizel,330
Buizel,330
Buizel,330
Buizel,330
Buizel,330
Buizel,330
Buizel,330
Buizel,330
Buizel,330
Bulbasaur,318
Bulbasaur,318
Bulbasaur,318
Bulbasaur,318
Bulbasaur,318
Bulbasaur,318
Bulbasaur,318
Bulbasaur,318
Bulbasaur,318
Bulbasaur,318
Bulbasaur,318
Bulbasaur,318
Bulbasaur,318
Bulbasaur,318
Bulbasaur,318
Bulbasaur,318
Bulbasaur,318
Bulbasaur,318
Buneary,350
Buneary,350
Buneary,350
Buneary,350
Buneary,350
Bunnelby,237
Bunnelby,237
Bunnelby,237
Bunnelby,237
Bunnelby,237
Burmy,224
Burmy,224
Burmy,224
Burmy,224
Burmy,224
Burmy,224
Burmy,224
Butterfree,385
Butterfree,385
Butterfree,385
Butterfree,385
Butterfree,385
Butterfree,385
Butterfree,385
Butterfree,385
Butterfree,385
Butterfree,385
Butterfree,385
Butterfree,385
Butterfree,385
Butterfree,385
Buzzwole,570
Buzzwole,570
Buzzwole,570
Buzzwole,570
Cacnea,335
Cacnea,335
Cacnea,335
Cacnea,335
Cacnea,335
Cacturne,475
Cacturne,475
Cacturne,475
Cacturne,475
Camerupt,460
Camerupt,460
Camerupt,460
Camerupt,460
Camerupt,460
Camerupt,460
Camerupt,460
Carbink,500
Carbink,500
Carbink,500
Carbink,500
Carbink,500
Carbink,500
Carbink,500
Carnivine,454
Carnivine,454
Carnivine,454
Carnivine,454
Carnivine,454
Carracosta,495
Carracosta,495
Carracosta,495
Carracosta,495
Carvanha,305
Carvanha,305
Carvanha,305
Carvanha,305
Carvanha,305
Carvanha,305
Carvanha,305
Carvanha,305
Cascoon,205
Cascoon,205
Cascoon,205
Cascoon,205
Cascoon,205
Castform,420
Castform,420
Castform,420
Castform,420
Castform,420
Castform,420
Castform,420
Castform,420
Castform,420
Castform,420
Castform,420
Castform,420
Castform,420
Castform,420
Castform,420
Castform,420
Caterpie,195
Caterpie,195
Caterpie,195
Caterpie,195
Caterpie,195
Caterpie,195
Caterpie,195
Caterpie,195
Caterpie,195
Celebi,600
Celebi,600
Celebi,600
Celebi,600
Celebi,600
Celebi,600
Celebi,600
Celebi,600
Celebi,600
Celebi,600
Celebi,600
Celebi,600
Celebi,600
Celebi,600
Celebi,600
Celebi,600
Celebi,600
Celebi,600
Celebi,600
Celebi,600
Celebi,600
Celebi,600
Celebi,600
Celebi,600
Celebi,600
Celebi,600
Celesteela,570
Celesteela,570
Celesteela,570
Celesteela,570
Chandelure,520
Chandelure,520
Chandelure,520
Chandelure,520
Chandelure,520
Chansey,450
Chansey,450
Chansey,450
Chansey,450
Chansey,450
Chansey,450
Chansey,450
Chansey,450
Chansey,450
Charizard,534
Charizard,534
Charizard,534
Charizard,534
Charizard,534
Charizard,534
Charizard,534
Charizard,534
Charizard,534
Charizard,534
Charizard,534
Charizard,534
Charizard,534
Charizard,534
Charizard,534
Charizard,534
Charizard,534
Charizard,534
Charizard,534
Charizard,534
Charizard,534
Charizard,534
Charizard,534
Charizard,534
Charizard,534
Charizard,534
Charizard,534
Charizard,534
Charizard,534
Charizard,534
Charizard,534
Charizard,534
Charjabug,400
Charjabug,400
Charjabug,400
Charjabug,400
Charmander,309
Charmander,309
Charmander,309
Charmander,309
Charmander,309
Charmander,309
Charmander,309
Charmander,309
Charmander,309
Charmander,309
Charmander,309
Charmander,309
Charmander,309
Charmander,309
Charmander,309
Charmander,309
Charmander,309
Charmeleon,405
Charmeleon,405
Charmeleon,405
Charmeleon,405
Charmeleon,405
Charmeleon,405
Charmeleon,405
Charmeleon,405
Charmeleon,405
Chatot,411
Chatot,411
Chatot,411
Chatot,411
Chatot,411
Chatot,411
Chatot,411
Chatot,411
Cherrim,450
Cherrim,450
Cherrim,450
Cherrim,450
Cherrim,450
Cherrim,450
Cherrim,450
Cherrim,450
Cherrim,450
Cherubi,275
Cherubi,275
Cherubi,275
Cherubi,275
Cherubi,275
Chesnaught,530
Chesnaught,530
Chesnaught,530
Chesnaught,530
Chespin,313
Chespin,313
Chespin,313
Chespin,313
Chespin,313
Chespin,313
Chespin,313
Chespin,313
Chikorita,318
Chikorita,318
Chikorita,318
Chikorita,318
Chikorita,318
Chikorita,318
Chikorita,318
Chikorita,318
Chikorita,318
Chikorita,318
Chikorita,318
Chikorita,318
Chikorita,318
Chikorita,318
Chikorita,318
Chimchar,309
Chimchar,309
Chimchar,309
Chimchar,309
Chimchar,309
Chimchar,309
Chimchar,309
Chimchar,309
Chimchar,309
Chimchar,309
Chimchar,309
Chimchar,309
Chimchar,309
Chimchar,309
Chimchar,309
Chimchar,309
Chimchar,309
Chimchar,309
Chimecho,425
Chimecho,425
Chimecho,425
Chimecho,425
Chimecho,425
Chimecho,425
Chimecho,425
Chinchou,330
Chinchou,330
Chinchou,330
Chinchou,330
Chinchou,330
Chinchou,330
Chinchou,330
Chinchou,330
Chingling,285
Chingling,285
Cinccino,470
Cinccino,470
Cinccino,470
Cinccino,470
Clamperl,345
Clamperl,345
Clamperl,345
Clauncher,330
Clauncher,330
Clawitzer,500
Clawitzer,500
Clawitzer,500
Claydol,500
Claydol,500
Claydol,500
Claydol,500
Claydol,500
Clefable,473
Clefable,473
Clefable,473
Clefable,473
Clefable,473
Clefable,473
Clefable,473
Clefable,473
Clefable,473
Clefable,473
Clefairy,323
Clefairy,323
Clefairy,323
Clefairy,323
Clefairy,323
Clefairy,323
Clefairy,323
Clefairy,323
Clefairy,323
Cleffa,218
Cleffa,218
Cleffa,218
Cleffa,218
Cleffa,218
Cleffa,218
Cloyster,525
Cloyster,525
Cloyster,525
Cloyster,525
Cloyster,525
Cloyster,525
Cloyster,525
Cloyster,525
Cloyster,525
Cobalion,580
Cobalion,580
Cobalion,580
Cofagrigus,483
Cofagrigus,483
Combee,244
Combee,244
Combee,244
Combee,244
Combusken,405
Combusken,405
Combusken,405
Combusken,405
Combusken,405
Combusken,405
Combusken,405
Combusken,405
Combusken,405
Comfey,485
Comfey,485
Comfey,485
Conkeldurr,505
Conkeldurr,505
Corphish,308
Corphish,308
Corphish,308
Corphish,308
Corphish,308
Corphish,308
Corphish,308
Corphish,308
Corphish,308
Corphish,308
Corphish,308
Corsola,380
Corsola,380
Corsola,380
Corsola,380
Corsola,380
Corsola,380
Corsola,380
Corsola,380
Corsola,380
Corsola,380
Cosmoem,400
Cosmoem,400
Cosmoem,400
Cosmoem,400
Cosmog,200
Cosmog,200
Cosmog,200
Cosmog,200
Cosmog,200
Cottonee,280
Cottonee,280
Cottonee,280
Cottonee,280
Crabominable,478
Crabominable,478
Crabominable,478
Crabominable,478
Crabrawler,338
Crabrawler,338
Crabrawler,338
Crabrawler,338
Cradily,485
Cradily,485
Cradily,485
Cradily,485
Cradily,485
Cranidos,350
Cranidos,350
Cranidos,350
Cranidos,350
Cranidos,350
Cranidos,350
Cranidos,350
Cranidos,350
Cranidos,350
Crawdaunt,468
Crawdaunt,468
Crawdaunt,468
Crawdaunt,468
Cresselia,600
Cresselia,600
Cresselia,600
Cresselia,600
Cresselia,600
Cresselia,600
Cresselia,600
Cresselia,600
Cresselia,600
Cresselia,600
Cresselia,600
Croagunk,300
Croagunk,300
Croagunk,300
Croagunk,300
Croagunk,300
Croagunk,300
Croagunk,300
Croagunk,300
Croagunk,300
Croagunk,300
Croagunk,300
Croagunk,300
Croagunk,300
Croagunk,300
Croagunk,300
Croagunk,300
Crobat,535
Crobat,535
Crobat,535
Crobat,535
Crobat,535
Crobat,535
Crobat,535
Crobat,535
Crobat,535
Crobat,535
Croconaw,405
Croconaw,405
Croconaw,405
Croconaw,405
Croconaw,405
Croconaw,405
Croconaw,405
Crustle,475
Crustle,475
Crustle,475
Cryogonal,485
Cryogonal,485
Cubchoo,305
Cubchoo,305
Cubchoo,305
Cubone,320
Cubone,320
Cubone,320
Cubone,320
Cubone,320
Cubone,320
Cubone,320
Cubone,320
Cubone,320
Cubone,320
Cutiefly,304
Cutiefly,304
Cutiefly,304
Cutiefly,304
Cyndaquil,309
Cyndaquil,309
Cyndaquil,309
Cyndaquil,309
Cyndaquil,309
Cyndaquil,309
Cyndaquil,309
Cyndaquil,309
Cyndaquil,309
Cyndaquil,309
Darkrai,600
Darkrai,600
Darkrai,600
Darkrai,600
Darkrai,600
Darkrai,600
Darkrai,600
Darkrai,600
Darkrai,600
Darkrai,600
Darkrai,600
Darkrai,600
Darkrai,600
Darkrai,600
Darkrai,600
Darkrai,600
Darkrai,600
Darmanitan,480
Darmanitan,480
Darmanitan,480
Dartrix,420
Dartrix,420
Dartrix,420
Dartrix,420
Dartrix,420
Darumaka,315
Darumaka,315
Decidueye,530
Decidueye,530
Decidueye,530
Decidueye,530
Decidueye,530
Decidueye,530
Dedenne,431
Dedenne,431
Dedenne,431
Dedenne,431
Dedenne,431
Dedenne,431
Deerling,335
Deerling,335
Deerling,335
Deerling,335
Deerling,335
Deerling,335
Deerling,335
Deino,300
Deino,300
Delcatty,380
Delcatty,380
Delcatty,380
Delcatty,380
Delcatty,380
Delibird,330
Delibird,330
Delibird,330
Delibird,330
Delibird,330
Delibird,330
Delibird,330
Delibird,330
Delphox,534
Delphox,534
Delphox,534
Delphox,534
Delphox,534
Delphox,534
Delphox,534
Delphox,534
Deoxys,600
Deoxys,600
Deoxys,600
Deoxys,600
Deoxys,600
Deoxys,600
Deoxys,600
Deoxys,600
Deoxys,600
Deoxys,600
Deoxys,600
Deoxys,600
Deoxys,600
Deoxys,600
Deoxys,600
Deoxys,600
Deoxys,600
Deoxys,600
Deoxys,600
Deoxys,600
Deoxys,600
Deoxys,600
Deoxys,600
Deoxys,600
Deoxys,600
Deoxys,600
Deoxys,600
Deoxys,600
Dewgong,475
Dewgong,475
Dewgong,475
Dewgong,475
Dewgong,475
Dewgong,475
Dewgong,475
Dewgong,475
Dewgong,475
Dewott,413
Dewott,413
Dewott,413
Dewott,413
Dewott,413
Dewpider,269
Dewpider,269
Dewpider,269
Dewpider,269
Dhelmise,517
Dhelmise,517
Dhelmise,517
Dhelmise,517
Dialga,680
Dialga,680
Dialga,680
Dialga,680
Dialga,680
Dialga,680
Dialga,680
Dialga,680
Dialga,680
Dialga,680
Dialga,680
Dialga,680
Dialga,680
Diancie,600
Diancie,600
Diancie,600
Diancie,600
Diancie,600
Diancie,600
Diancie,600
Diancie,600
Diancie,600
Diancie,600
Diggersby,423
Diggersby,423
Diglett,265
Diglett,265
Diglett,265
Diglett,265
Diglett,265
Diglett,265
Diglett,265
Diglett,265
Diglett,265
Diglett,265
Diglett,265
Diglett,265
Diglett,265
Diglett,265
Ditto,288
Ditto,288
Ditto,288
Ditto,288
Ditto,288
Ditto,288
Ditto,288
Ditto,288
Ditto,288
Ditto,288
Dodrio,460
Dodrio,460
Dodrio,460
Dodrio,460
Dodrio,460
Dodrio,460
Dodrio,460
Dodrio,460
Doduo,310
Doduo,310
Doduo,310
Doduo,310
Doduo,310
Doduo,310
Doduo,310
Doduo,310
Donphan,500
Donphan,500
Donphan,500
Donphan,500
Donphan,500
Donphan,500
Doublade,448
Doublade,448
Dragalge,494
Dragalge,494
Dragonair,420
Dragonair,420
Dragonair,420
Dragonair,420
Dragonair,420
Dragonair,420
Dragonair,420
Dragonair,420
Dragonair,420
Dragonair,420
Dragonair,420
Dragonite,600
Dragonite,600
Dragonite,600
Dragonite,600
Dragonite,600
Dragonite,600
Dragonite,600
Dragonite,600
Dragonite,600
Dragonite,600
Dragonite,600
Dragonite,600
Dragonite,600
Dragonite,600
Drampa,485
Drampa,485
Drampa,485
Drampa,485
Drapion,500
Drapion,500
Drapion,500
Drapion,500
Drapion,500
Dratini,300
Dratini,300
Dratini,300
Dratini,300
Dratini,300
Dratini,300
Dratini,300
Dratini,300
Dratini,300
Dratini,300
Drifblim,498
Drifblim,498
Drifblim,498
Drifblim,498
Drifblim,498
Drifblim,498
Drifblim,498
Drifblim,498
Drifloon,348
Drifloon,348
Drifloon,348
Drifloon,348
Drifloon,348
Drifloon,348
Drifloon,348
Drifloon,348
Drifloon,348
Drilbur,328
Drilbur,328
Drilbur,328
Drowzee,328
Drowzee,328
Drowzee,328
Drowzee,328
Drowzee,328
Drowzee,328
Drowzee,328
Drowzee,328
Drowzee,328
Drowzee,328
Druddigon,485
Druddigon,485
Ducklett,305
Ducklett,305
Dugtrio,425
Dugtrio,425
Dugtrio,425
Dugtrio,425
Dugtrio,425
Dugtrio,425
Dugtrio,425
Dugtrio,425
Dugtrio,425
Dugtrio,425
Dugtrio,425
Dugtrio,425
Dugtrio,425
Dugtrio,425
Dugtrio,425
Dunsparce,415
Dunsparce,415
Dunsparce,415
Dunsparce,415
Dunsparce,415
Dunsparce,415
Duosion,370
Duosion,370
Duosion,370
Durant,484
Durant,484
Dusclops,455
Dusclops,455
Dusclops,455
Dusclops,455
Dusknoir,525
Dusknoir,525
Dusknoir,525
Dusknoir,525
Dusknoir,525
Dusknoir,525
Dusknoir,525
Duskull,295
Duskull,295
Duskull,295
Duskull,295
Duskull,295
Dustox,385
Dustox,385
Dustox,385
Dustox,385
Dustox,385
Dwebble,325
Dwebble,325
Dwebble,325
Eelektrik,405
Eelektrik,405
Eelektross,515
Eelektross,515
Eevee,325
Eevee,325
Eevee,325
Eevee,325
Eevee,325
Eevee,325
Eevee,325
Eevee,325
Eevee,325
Eevee,325
Eevee,325
Eevee,325
Eevee,325
Eevee,325
Eevee,325
Eevee,325
Eevee,325
Eevee,325
Eevee,325
Eevee,325
Eevee,325
Eevee,325
Eevee,325
Eevee,325
Eevee,325
Eevee,325
Eevee,325
Eevee,325
Eevee,325
Eevee,325
Eevee,325
Eevee,325
Eevee,325
Eevee,325
Eevee,325
Eevee,325
Eevee,325
Eevee,325
Eevee,325
Eevee,325
Eevee,325
Eevee,325
Eevee,325
Eevee,325
Eevee,325
Eevee,325
Ekans,288
Ekans,288
Ekans,288
Ekans,288
Ekans,288
Ekans,288
Ekans,288
Ekans,288
Ekans,288
Electabuzz,490
Electabuzz,490
Electabuzz,490
Electabuzz,490
Electabuzz,490
Electabuzz,490
Electabuzz,490
Electabuzz,490
Electabuzz,490
Electabuzz,490
Electabuzz,490
Electivire,540
Electivire,540
Electivire,540
Electivire,540
Electivire,540
Electivire,540
Electivire,540
Electivire,540
Electivire,540
Electrike,295
Electrike,295
Electrike,295
Electrike,295
Electrode,480
Electrode,480
Electrode,480
Electrode,480
Electrode,480
Electrode,480
Electrode,480
Electrode,480
Electrode,480
Electrode,480
Electrode,480
Electrode,480
Electrode,480
Electrode,480
Elekid,360
Elekid,360
Elekid,360
Elekid,360
Elekid,360
Elekid,360
Elekid,360
Elekid,360
Elgyem,335
Elgyem,335
Emboar,528
Emboar,528
Emolga,428
Emolga,428
Emolga,428
Emolga,428
Emolga,428
Emolga,428
Emolga,428
Emolga,428
Empoleon,530
Empoleon,530
Empoleon,530
Empoleon,530
Empoleon,530
Empoleon,530
Entei,580
Entei,580
Entei,580
Entei,580
Entei,580
Entei,580
Entei,580
Entei,580
Entei,580
Entei,580
Entei,580
Entei,580
Entei,580
Entei,580
Escavalier,495
Escavalier,495
Espeon,525
Espeon,525
Espeon,525
Espeon,525
Espeon,525
Espeon,525
Espeon,525
Espeon,525
Espeon,525
Espeon,525
Espeon,525
Espeon,525
Espeon,525
Espurr,355
Espurr,355
Espurr,355
Espurr,355
Espurr,355
Excadrill,508
Excadrill,508
Excadrill,508
Excadrill,508
Exeggcute,325
Exeggcute,325
Exeggcute,325
Exeggcute,325
Exeggcute,325
Exeggcute,325
Exeggcute,325
Exeggutor,530
Exeggutor,530
Exeggutor,530
Exeggutor,530
Exeggutor,530
Exeggutor,530
Exeggutor,530
Exeggutor,530
Exeggutor,530
Exeggutor,530
Exeggutor,530
Exeggutor,530
Exeggutor,530
Exeggutor,530
Exeggutor,530
Exeggutor,530
Exeggutor,530
Exploud,490
Exploud,490
Exploud,490
Exploud,490
Exploud,490
Farfetchd,352
Farfetchd,352
Farfetchd,352
Farfetchd,352
Farfetchd,352
Farfetchd,352
Farfetchd,352
Farfetchd,352
Farfetchd,352
Farfetchd,352
Fearow,442
Fearow,442
Fearow,442
Fearow,442
Fearow,442
Fearow,442
Fearow,442
Feebas,200
Feebas,200
Feebas,200
Feebas,200
Feebas,200
Feebas,200
Fennekin,307
Fennekin,307
Fennekin,307
Fennekin,307
Fennekin,307
Fennekin,307
Fennekin,307
Fennekin,307
Fennekin,307
Fennekin,307
Fennekin,307
Fennekin,307
Fennekin,307
Feraligatr,530
Feraligatr,530
Feraligatr,530
Feraligatr,530
Feraligatr,530
Feraligatr,530
Feraligatr,530
Feraligatr,530
Feraligatr,530
Feraligatr,530
Ferroseed,305
Ferroseed,305
Ferrothorn,489
Ferrothorn,489
Finneon,330
Finneon,330
Finneon,330
Finneon,330
Finneon,330
Finneon,330
Finneon,330
Finneon,330
Flaaffy,365
Flaaffy,365
Flaaffy,365
Flaaffy,365
Flaaffy,365
Flaaffy,365
Flaaffy,365
Flab%C3%A9b%C3%A9,303
Flab%C3%A9b%C3%A9,303
Flab%C3%A9b%C3%A9,303
Flab%C3%A9b%C3%A9,303
Flab%C3%A9b%C3%A9,303
Flab%C3%A9b%C3%A9,303
Flab%C3%A9b%C3%A9,303
Flab%C3%A9b%C3%A9,303
Flab%C3%A9b%C3%A9,303
Flab%C3%A9b%C3%A9,303
Flab%C3%A9b%C3%A9,303
Flareon,525
Flareon,525
Flareon,525
Flareon,525
Flareon,525
Flareon,525
Flareon,525
Flareon,525
Flareon,525
Flareon,525
Flareon,525
Flareon,525
Flareon,525
Fletchinder,382
Fletchinder,382
Fletchinder,382
Fletchinder,382
Fletchinder,382
Fletchinder,382
Fletchling,278
Fletchling,278
Fletchling,278
Fletchling,278
Fletchling,278
Fletchling,278
Floatzel,495
Floatzel,495
Floatzel,495
Floatzel,495
Floatzel,495
Floette,371
Floette,371
Floette,371
Floette,371
Floette,371
Floette,371
Florges,552
Florges,552
Florges,552
Florges,552
Florges,552
Florges,552
Florges,552
Florges,552
Florges,552
Florges,552
Flygon,520
Flygon,520
Flygon,520
Flygon,520
Flygon,520
Flygon,520
Flygon,520
Flygon,520
Fomantis,250
Fomantis,250
Fomantis,250
Fomantis,250
Foongus,294
Foongus,294
Forretress,465
Forretress,465
Forretress,465
Forretress,465
Forretress,465
Forretress,465
Forretress,465
Forretress,465
Fraxure,410
Fraxure,410
Frillish,335
Frillish,335
Frillish,335
Frillish,335
Frillish,335
Frillish,335
Froakie,314
Froakie,314
Froakie,314
Froakie,314
Frogadier,405
Frogadier,405
Frogadier,405
Frogadier,405
Frogadier,405
Froslass,480
Froslass,480
Froslass,480
Froslass,480
Froslass,480
Furfrou,472
Furfrou,472
Furfrou,472
Furfrou,472
Furfrou,472
Furfrou,472
Furfrou,472
Furfrou,472
Furfrou,472
Furfrou,472
Furfrou,472
Furfrou,472
Furfrou,472
Furfrou,472
Furret,415
Furret,415
Furret,415
Furret,415
Furret,415
Furret,415
Furret,415
Furret,415
Gabite,410
Gabite,410
Gabite,410
Gabite,410
Gabite,410
Gabite,410
Gabite,410
Gabite,410
Gallade,518
Gallade,518
Gallade,518
Gallade,518
Gallade,518
Gallade,518
Gallade,518
Galvantula,472
Galvantula,472
Garbodor,474
Garbodor,474
Garchomp,600
Garchomp,600
Garchomp,600
Garchomp,600
Garchomp,600
Garchomp,600
Garchomp,600
Garchomp,600
Garchomp,600
Garchomp,600
Garchomp,600
Garchomp,600
Garchomp,600
Garchomp,600
Garchomp,600
Garchomp,600
Garchomp,600
Gardevoir,518
Gardevoir,518
Gardevoir,518
Gardevoir,518
Gardevoir,518
Gardevoir,518
Gardevoir,518
Gardevoir,518
Gardevoir,518
Gardevoir,518
Gardevoir,518
Gardevoir,518
Gardevoir,518
Gardevoir,518
Gardevoir,518
Gardevoir,518
Gastly,310
Gastly,310
Gastly,310
Gastly,310
Gastly,310
Gastly,310
Gastly,310
Gastly,310
Gastly,310
Gastrodon,475
Gastrodon,475
Gastrodon,475
Gastrodon,475
Gastrodon,475
Gastrodon,475
Gastrodon,475
Gastrodon,475
Genesect,600
Genesect,600
Genesect,600
Genesect,600
Genesect,600
Genesect,600
Genesect,600
Genesect,600
Genesect,600
Genesect,600
Genesect,600
Genesect,600
Genesect,600
Genesect,600
Genesect,600
Genesect,600
Genesect,600
Genesect,600
Genesect,600
Genesect,600
Genesect,600
Genesect,600
Gengar,500
Gengar,500
Gengar,500
Gengar,500
Gengar,500
Gengar,500
Gengar,500
Gengar,500
Gengar,500
Gengar,500
Gengar,500
Gengar,500
Gengar,500
Gengar,500
Gengar,500
Gengar,500
Gengar,500
Gengar,500
Gengar,500
Geodude,300
Geodude,300
Geodude,300
Geodude,300
Geodude,300
Geodude,300
Geodude,300
Geodude,300
Geodude,300
Geodude,300
Geodude,300
Geodude,300
Geodude,300
Geodude,300
Geodude,300
Geodude,300
Geodude,300
Geodude,300
Gible,300
Gible,300
Gible,300
Gible,300
Gible,300
Gible,300
Gible,300
Gible,300
Gible,300
Gible,300
Gigalith,515
Gigalith,515
Gigalith,515
Gigalith,515
Girafarig,455
Girafarig,455
Girafarig,455
Girafarig,455
Girafarig,455
Girafarig,455
Girafarig,455
Giratina,680
Giratina,680
Giratina,680
Giratina,680
Giratina,680
Giratina,680
Giratina,680
Giratina,680
Giratina,680
Giratina,680
Giratina,680
Giratina,680
Giratina,680
Glaceon,525
Glaceon,525
Glaceon,525
Glaceon,525
Glaceon,525
Glaceon,525
Glaceon,525
Glalie,480
Glalie,480
Glalie,480
Glalie,480
Glalie,480
Glalie,480
Glalie,480
Glalie,480
Glalie,480
Glalie,480
Glalie,480
Glalie,480
Glalie,480
Glameow,310
Glameow,310
Glameow,310
Gligar,430
Gligar,430
Gligar,430
Gligar,430
Gligar,430
Gligar,430
Gliscor,510
Gliscor,510
Gliscor,510
Gliscor,510
Gliscor,510
Gliscor,510
Gloom,395
Gloom,395
Gloom,395
Gloom,395
Gloom,395
Gloom,395
Gloom,395
Gloom,395
Gogoat,531
Gogoat,531
Gogoat,531
Golbat,455
Golbat,455
Golbat,455
Golbat,455
Golbat,455
Golbat,455
Golbat,455
Golbat,455
Golbat,455
Golbat,455
Golbat,455
Golbat,455
Golbat,455
Golbat,455
Goldeen,320
Goldeen,320
Goldeen,320
Goldeen,320
Goldeen,320
Goldeen,320
Goldeen,320
Goldeen,320
Goldeen,320
Goldeen,320
Golduck,500
Golduck,500
Golduck,500
Golduck,500
Golduck,500
Golduck,500
Golduck,500
Golduck,500
Golduck,500
Golduck,500
Golduck,500
Golem,495
Golem,495
Golem,495
Golem,495
Golem,495
Golem,495
Golem,495
Golem,495
Golem,495
Golem,495
Golem,495
Golem,495
Golem,495
Golem,495
Golem,495
Golem,495
Golem,495
Golett,303
Golett,303
Golisopod,530
Golisopod,530
Golisopod,530
Golisopod,530
Golurk,483
Golurk,483
Golurk,483
Goodra,600
Goodra,600
Goodra,600
Goomy,300
Goomy,300
Goomy,300
Goomy,300
Goomy,300
Goomy,300
Gorebyss,485
Gorebyss,485
Gorebyss,485
Gorebyss,485
Gothita,290
Gothita,290
Gothita,290
Gothita,290
Gothitelle,490
Gothitelle,490
Gothitelle,490
Gothitelle,490
Gothorita,390
Gothorita,390
Gothorita,390
Gothorita,390
Gourgeist,494
Gourgeist,494
Granbull,450
Granbull,450
Granbull,450
Granbull,450
Granbull,450
Granbull,450
Granbull,450
Granbull,450
Graveler,390
Graveler,390
Graveler,390
Graveler,390
Graveler,390
Graveler,390
Graveler,390
Graveler,390
Graveler,390
Graveler,390
Graveler,390
Graveler,390
Graveler,390
Graveler,390
Graveler,390
Graveler,390
Graveler,390
Greninja,530
Greninja,530
Greninja,530
Greninja,530
Greninja,530
Greninja,530
Greninja,530
Greninja,530
Greninja,530
Greninja,530
Greninja,530
Greninja,530
Grimer,325
Grimer,325
Grimer,325
Grimer,325
Grimer,325
Grimer,325
Grimer,325
Grimer,325
Grimer,325
Grimer,325
Grimer,325
Grimer,325
Grimer,325
Grimer,325
Grimer,325
Grimer,325
Grotle,405
Grotle,405
Grotle,405
Grotle,405
Grotle,405
Grotle,405
Groudon,670
Groudon,670
Groudon,670
Groudon,670
Groudon,670
Groudon,670
Groudon,670
Groudon,670
Groudon,670
Groudon,670
Groudon,670
Groudon,670
Groudon,670
Groudon,670
Groudon,670
Groudon,670
Groudon,670
Grovyle,405
Grovyle,405
Grovyle,405
Grovyle,405
Grovyle,405
Grovyle,405
Grovyle,405
Grovyle,405
Growlithe,350
Growlithe,350
Growlithe,350
Growlithe,350
Growlithe,350
Growlithe,350
Growlithe,350
Growlithe,350
Grubbin,300
Grubbin,300
Grubbin,300
Grubbin,300
Grumpig,470
Grumpig,470
Grumpig,470
Grumpig,470
Grumpig,470
Gulpin,302
Gulpin,302
Gulpin,302
Gulpin,302
Gulpin,302
Gumshoos,418
Gumshoos,418
Gumshoos,418
Gumshoos,418
Gurdurr,402
Gurdurr,402
Guzzlord,570
Guzzlord,570
Gyarados,540
Gyarados,540
Gyarados,540
Gyarados,540
Gyarados,540
Gyarados,540
Gyarados,540
Gyarados,540
Gyarados,540
Gyarados,540
Gyarados,540
Gyarados,540
Gyarados,540
Gyarados,540
Gyarados,540
Gyarados,540
Gyarados,540
Gyarados,540
Gyarados,540
Gyarados,540
Gyarados,540
Gyarados,540
Hakamo-o,420
Hakamo-o,420
Hakamo-o,420
Hakamo-o,420
Happiny,220
Happiny,220
Happiny,220
Happiny,220
Hariyama,474
Hariyama,474
Hariyama,474
Hariyama,474
Hariyama,474
Haunter,405
Haunter,405
Haunter,405
Haunter,405
Haunter,405
Haunter,405
Haunter,405
Haunter,405
Haunter,405
Haunter,405
Haunter,405
Hawlucha,500
Hawlucha,500
Hawlucha,500
Hawlucha,500
Haxorus,540
Haxorus,540
Haxorus,540
Haxorus,540
Heatmor,484
Heatmor,484
Heatran,600
Heatran,600
Heatran,600
Heatran,600
Heatran,600
Heatran,600
Heliolisk,481
Heliolisk,481
Helioptile,289
Helioptile,289
Heracross,500
Heracross,500
Heracross,500
Heracross,500
Heracross,500
Heracross,500
Heracross,500
Heracross,500
Heracross,500
Heracross,500
Herdier,370
Herdier,370
Herdier,370
Herdier,370
Hippopotas,330
Hippopotas,330
Hippopotas,330
Hippopotas,330
Hippopotas,330
Hippowdon,525
Hippowdon,525
Hippowdon,525
Hitmonchan,455
Hitmonchan,455
Hitmonchan,455
Hitmonchan,455
Hitmonchan,455
Hitmonchan,455
Hitmonchan,455
Hitmonchan,455
Hitmonlee,455
Hitmonlee,455
Hitmonlee,455
Hitmonlee,455
Hitmonlee,455
Hitmonlee,455
Hitmonlee,455
Hitmonlee,455
Hitmontop,455
Hitmontop,455
Hitmontop,455
Hitmontop,455
Hitmontop,455
Hitmontop,455
Hitmontop,455
Hitmontop,455
Ho-Oh,680
Ho-Oh,680
Ho-Oh,680
Ho-Oh,680
Ho-Oh,680
Ho-Oh,680
Ho-Oh,680
Ho-Oh,680
Ho-Oh,680
Ho-Oh,680
Ho-Oh,680
Ho-Oh,680
Ho-Oh,680
Ho-Oh,680
Ho-Oh,680
Ho-Oh,680
Ho-Oh,680
Honchkrow,505
Honchkrow,505
Honchkrow,505
Honchkrow,505
Honchkrow,505
Honchkrow,505
Honchkrow,505
Honchkrow,505
Honedge,325
Honedge,325
Honedge,325
Hoopa,600
Hoopa,600
Hoopa,600
Hoopa,600
Hoopa,600
Hoopa,600
Hoopa,600
Hoopa,600
Hoothoot,262
Hoothoot,262
Hoothoot,262
Hoothoot,262
Hoothoot,262
Hoothoot,262
Hoppip,250
Hoppip,250
Hoppip,250
Hoppip,250
Hoppip,250
Hoppip,250
Horsea,295
Horsea,295
Horsea,295
Horsea,295
Horsea,295
Horsea,295
Horsea,295
Horsea,295
Houndoom,500
Houndoom,500
Houndoom,500
Houndoom,500
Houndoom,500
Houndoom,500
Houndoom,500
Houndoom,500
Houndoom,500
Houndoom,500
Houndoom,500
Houndoom,500
Houndoom,500
Houndour,330
Houndour,330
Houndour,330
Houndour,330
Houndour,330
Houndour,330
Houndour,330
Huntail,485
Huntail,485
Huntail,485
Huntail,485
Hydreigon,600
Hydreigon,600
Hydreigon,600
Hydreigon,600
Hydreigon,600
Hydreigon,600
Hydreigon,600
Hydreigon,600
Hypno,483
Hypno,483
Hypno,483
Hypno,483
Hypno,483
Hypno,483
Hypno,483
Hypno,483
Hypno,483
Hypno,483
Hypno,483
Igglybuff,210
Igglybuff,210
Igglybuff,210
Igglybuff,210
Igglybuff,210
Igglybuff,210
Igglybuff,210
Igglybuff,210
Illumise,400
Illumise,400
Illumise,400
Illumise,400
Incineroar,530
Incineroar,530
Incineroar,530
Incineroar,530
Incineroar,530
Incineroar,530
Infernape,534
Infernape,534
Infernape,534
Infernape,534
Infernape,534
Infernape,534
Infernape,534
Infernape,534
Infernape,534
Inkay,288
Inkay,288
Ivysaur,405
Ivysaur,405
Ivysaur,405
Ivysaur,405
Ivysaur,405
Ivysaur,405
Ivysaur,405
Ivysaur,405
Ivysaur,405
Ivysaur,405
Ivysaur,405
Jangmo-o,300
Jangmo-o,300
Jangmo-o,300
Jangmo-o,300
Jellicent,480
Jellicent,480
Jellicent,480
Jellicent,480
Jigglypuff,270
Jigglypuff,270
Jigglypuff,270
Jigglypuff,270
Jigglypuff,270
Jigglypuff,270
Jigglypuff,270
Jigglypuff,270
Jigglypuff,270
Jigglypuff,270
Jigglypuff,270
Jigglypuff,270
Jigglypuff,270
Jigglypuff,270
Jigglypuff,270
Jigglypuff,270
Jigglypuff,270
Jigglypuff,270
Jirachi,600
Jirachi,600
Jirachi,600
Jirachi,600
Jirachi,600
Jirachi,600
Jirachi,600
Jirachi,600
Jirachi,600
Jirachi,600
Jirachi,600
Jirachi,600
Jirachi,600
Jirachi,600
Jirachi,600
Jirachi,600
Jirachi,600
Jirachi,600
Jirachi,600
Jirachi,600
Jirachi,600
Jirachi,600
Jirachi,600
Jolteon,525
Jolteon,525
Jolteon,525
Jolteon,525
Jolteon,525
Jolteon,525
Jolteon,525
Jolteon,525
Jolteon,525
Jolteon,525
Jolteon,525
Jolteon,525
Jolteon,525
Joltik,319
Joltik,319
Jumpluff,460
Jumpluff,460
Jumpluff,460
Jumpluff,460
Jumpluff,460
Jumpluff,460
Jynx,455
Jynx,455
Jynx,455
Jynx,455
Jynx,455
Jynx,455
Jynx,455
Jynx,455
Kabuto,355
Kabuto,355
Kabuto,355
Kabuto,355
Kabuto,355
Kabuto,355
Kabuto,355
Kabuto,355
Kabutops,495
Kabutops,495
Kabutops,495
Kabutops,495
Kabutops,495
Kabutops,495
Kabutops,495
Kabutops,495
Kadabra,400
Kadabra,400
Kadabra,400
Kadabra,400
Kadabra,400
Kadabra,400
Kadabra,400
Kadabra,400
Kadabra,400
Kadabra,400
Kadabra,400
Kadabra,400
Kakuna,205
Kakuna,205
Kakuna,205
Kakuna,205
Kakuna,205
Kakuna,205
Kangaskhan,490
Kangaskhan,490
Kangaskhan,490
Kangaskhan,490
Kangaskhan,490
Kangaskhan,490
Kangaskhan,490
Kangaskhan,490
Kangaskhan,490
Kangaskhan,490
Kangaskhan,490
Kangaskhan,490
Kangaskhan,490
Kangaskhan,490
Kangaskhan,490
Kangaskhan,490
Kangaskhan,490
Kangaskhan,490
Karrablast,315
Karrablast,315
Kartana,570
Kartana,570
Kartana,570
Kartana,570
Kecleon,440
Kecleon,440
Kecleon,440
Kecleon,440
Kecleon,440
Kecleon,440
Kecleon,440
Kecleon,440
Kecleon,440
Keldeo,580
Keldeo,580
Keldeo,580
Keldeo,580
Keldeo,580
Keldeo,580
Keldeo,580
Keldeo,580
Keldeo,580
Keldeo,580
Keldeo,580
Keldeo,580
Kingdra,540
Kingdra,540
Kingdra,540
Kingdra,540
Kingdra,540
Kingdra,540
Kingler,475
Kingler,475
Kingler,475
Kingler,475
Kingler,475
Kingler,475
Kingler,475
Kirlia,278
Kirlia,278
Kirlia,278
Kirlia,278
Kirlia,278
Kirlia,278
Kirlia,278
Klang,440
Klang,440
Klefki,470
Klefki,470
Klefki,470
Klefki,470
Klink,300
Klink,300
Klinklang,520
Klinklang,520
Klinklang,520
Koffing,340
Koffing,340
Koffing,340
Koffing,340
Koffing,340
Koffing,340
Koffing,340
Komala,480
Komala,480
Komala,480
Komala,480
Kommo-o,600
Kommo-o,600
Kommo-o,600
Kommo-o,600
Krabby,325
Krabby,325
Krabby,325
Krabby,325
Krabby,325
Krabby,325
Krabby,325
Krabby,325
Kricketot,194
Kricketot,194
Kricketot,194
Kricketot,194
Kricketot,194
Kricketot,194
Kricketune,384
Kricketune,384
Kricketune,384
Krokorok,351
Krokorok,351
Krokorok,351
Krokorok,351
Krokorok,351
Krookodile,519
Krookodile,519
Krookodile,519
Krookodile,519
Krookodile,519
Krookodile,519
Krookodile,519
Kyogre,670
Kyogre,670
Kyogre,670
Kyogre,670
Kyogre,670
Kyogre,670
Kyogre,670
Kyogre,670
Kyogre,670
Kyogre,670
Kyogre,670
Kyogre,670
Kyogre,670
Kyurem,660
Kyurem,660
Kyurem,660
Kyurem,660
Kyurem,660
Kyurem,660
Kyurem,660
Kyurem,660
Kyurem,660
Kyurem,660
Kyurem,660
Kyurem,660
Kyurem,660
Kyurem,660
Kyurem,660
Lairon,430
Lairon,430
Lairon,430
Lairon,430
Lairon,430
Lampent,370
Lampent,370
Lampent,370
Landorus,600
Landorus,600
Landorus,600
Landorus,600
Landorus,600
Lanturn,460
Lanturn,460
Lanturn,460
Lanturn,460
Lanturn,460
Lanturn,460
Lanturn,460
Lanturn,460
Lanturn,460
Lapras,535
Lapras,535
Lapras,535
Lapras,535
Lapras,535
Lapras,535
Lapras,535
Lapras,535
Lapras,535
Lapras,535
Lapras,535
Lapras,535
Lapras,535
Lapras,535
Larvesta,360
Larvesta,360
Larvitar,300
Larvitar,300
Larvitar,300
Larvitar,300
Larvitar,300
Larvitar,300
Larvitar,300
Latias,600
Latias,600
Latias,600
Latias,600
Latias,600
Latias,600
Latias,600
Latias,600
Latias,600
Latias,600
Latias,600
Latias,600
Latias,600
Latias,600
Latios,600
Latios,600
Latios,600
Latios,600
Latios,600
Latios,600
Latios,600
Latios,600
Latios,600
Latios,600
Latios,600
Latios,600
Latios,600
Latios,600
Latios,600
Leafeon,525
Leafeon,525
Leafeon,525
Leafeon,525
Leafeon,525
Leafeon,525
Leafeon,525
Leavanny,500
Leavanny,500
Ledian,390
Ledian,390
Ledian,390
Ledian,390
Ledian,390
Ledian,390
Ledian,390
Ledian,390
Ledian,390
Ledian,390
Ledyba,265
Ledyba,265
Ledyba,265
Ledyba,265
Ledyba,265
Ledyba,265
Ledyba,265
Ledyba,265
Ledyba,265
Ledyba,265
Ledyba,265
Lickilicky,515
Lickilicky,515
Lickilicky,515
Lickilicky,515
Lickilicky,515
Lickilicky,515
Lickilicky,515
Lickitung,385
Lickitung,385
Lickitung,385
Lickitung,385
Lickitung,385
Lickitung,385
Lickitung,385
Liepard,446
Liepard,446
Lileep,355
Lileep,355
Lileep,355
Lileep,355
Lileep,355
Lilligant,480
Lilligant,480
Lilligant,480
Lilligant,480
Lillipup,275
Lillipup,275
Lillipup,275
Linoone,420
Linoone,420
Linoone,420
Linoone,420
Litleo,369
Litleo,369
Litleo,369
Litleo,369
Litleo,369
Litten,320
Litten,320
Litten,320
Litten,320
Litten,320
Litten,320
Litwick,275
Litwick,275
Litwick,275
Litwick,275
Lombre,340
Lombre,340
Lombre,340
Lombre,340
Lombre,340
Lopunny,480
Lopunny,480
Lopunny,480
Lopunny,480
Lopunny,480
Lopunny,480
Lopunny,480
Lopunny,480
Lopunny,480
Lopunny,480
Lopunny,480
Lotad,220
Lotad,220
Lotad,220
Lotad,220
Lotad,220
Lotad,220
Lotad,220
Loudred,360
Loudred,360
Loudred,360
Loudred,360
Loudred,360
Lucario,525
Lucario,525
Lucario,525
Lucario,525
Lucario,525
Lucario,525
Lucario,525
Lucario,525
Lucario,525
Lucario,525
Lucario,525
Lucario,525
Lucario,525
Lucario,525
Lucario,525
Lucario,525
Lucario,525
Lucario,525
Lucario,525
Lucario,525
Lucario,525
Lucario,525
Lucario,525
Lucario,525
Lucario,525
Lucario,525
Ludicolo,480
Ludicolo,480
Ludicolo,480
Ludicolo,480
Lugia,680
Lugia,680
Lugia,680
Lugia,680
Lugia,680
Lugia,680
Lugia,680
Lugia,680
Lugia,680
Lugia,680
Lugia,680
Lugia,680
Lugia,680
Lugia,680
Lugia,680
Lugia,680
Lugia,680
Lumineon,460
Lumineon,460
Lumineon,460
Lumineon,460
Lumineon,460
Lumineon,460
Lunala,680
Lunala,680
Lunala,680
Lunala,680
Lunala,680
Lunala,680
Lunatone,440
Lunatone,440
Lunatone,440
Lunatone,440
Lurantis,480
Lurantis,480
Lurantis,480
Lurantis,480
Luvdisc,330
Luvdisc,330
Luvdisc,330
Luvdisc,330
Luvdisc,330
Luvdisc,330
Luvdisc,330
Luvdisc,330
Luxio,363
Luxio,363
Luxio,363
Luxio,363
Luxray,523
Luxray,523
Luxray,523
Luxray,523
Luxray,523
Luxray,523
Lycanroc,487
Lycanroc,487
Lycanroc,487
Lycanroc,487
Lycanroc,487
Lycanroc,487
Lycanroc,487
Lycanroc,487
Lycanroc,487
Lycanroc,487
Lycanroc,487
Lycanroc,487
Lycanroc,487
Lycanroc,487
Lycanroc,487
Lycanroc,487
Lycanroc,487
Lycanroc,487
Lycanroc,487
Machamp,505
Machamp,505
Machamp,505
Machamp,505
Machamp,505
Machamp,505
Machamp,505
Machamp,505
Machamp,505
Machamp,505
Machamp,505
Machamp,505
Machamp,505
Machamp,505
Machoke,405
Machoke,405
Machoke,405
Machoke,405
Machoke,405
Machoke,405
Machoke,405
Machoke,405
Machoke,405
Machoke,405
Machoke,405
Machop,305
Machop,305
Machop,305
Machop,305
Machop,305
Machop,305
Machop,305
Machop,305
Machop,305
Machop,305
Machop,305
Magby,365
Magby,365
Magby,365
Magby,365
Magby,365
Magby,365
Magby,365
Magcargo,410
Magcargo,410
Magcargo,410
Magcargo,410
Magcargo,410
Magearna,600
Magearna,600
Magearna,600
Magearna,600
Magikarp,200
Magikarp,200
Magikarp,200
Magikarp,200
Magikarp,200
Magikarp,200
Magikarp,200
Magikarp,200
Magikarp,200
Magikarp,200
Magikarp,200
Magmar,495
Magmar,495
Magmar,495
Magmar,495
Magmar,495
Magmar,495
Magmar,495
Magmar,495
Magmar,495
Magmortar,540
Magmortar,540
Magmortar,540
Magmortar,540
Magmortar,540
Magnemite,325
Magnemite,325
Magnemite,325
Magnemite,325
Magnemite,325
Magnemite,325
Magnemite,325
Magnemite,325
Magnemite,325
Magneton,465
Magneton,465
Magneton,465
Magneton,465
Magneton,465
Magneton,465
Magneton,465
Magneton,465
Magneton,465
Magnezone,535
Magnezone,535
Magnezone,535
Magnezone,535
Magnezone,535
Magnezone,535
Magnezone,535
Magnezone,535
Makuhita,237
Makuhita,237
Makuhita,237
Makuhita,237
Makuhita,237
Makuhita,237
Malamar,482
Malamar,482
Mamoswine,530
Mamoswine,530
Mamoswine,530
Mamoswine,530
Mamoswine,530
Manaphy,600
Manaphy,600
Manaphy,600
Manaphy,600
Manaphy,600
Manaphy,600
Manaphy,600
Manaphy,600
Manaphy,600
Manaphy,600
Manaphy,600
Manaphy,600
Manaphy,600
Mandibuzz,510
Mandibuzz,510
Mandibuzz,510
Mandibuzz,510
Manectric,475
Manectric,475
Manectric,475
Manectric,475
Manectric,475
Manectric,475
Manectric,475
Mankey,305
Mankey,305
Mankey,305
Mankey,305
Mankey,305
Mankey,305
Mankey,305
Mankey,305
Mankey,305
Mankey,305
Mantine,465
Mantine,465
Mantine,465
Mantine,465
Mantine,465
Mantine,465
Mantyke,345
Mantyke,345
Mantyke,345
Mantyke,345
Mantyke,345
Maractus,461
Maractus,461
Mareanie,307
Mareanie,307
Mareanie,307
Mareanie,307
Mareep,280
Mareep,280
Mareep,280
Mareep,280
Mareep,280
Mareep,280
Mareep,280
Mareep,280
Marill,250
Marill,250
Marill,250
Marill,250
Marill,250
Marill,250
Marill,250
Marill,250
Marill,250
Marowak,425
Marowak,425
Marowak,425
Marowak,425
Marowak,425
Marowak,425
Marowak,425
Marowak,425
Marowak,425
Marowak,425
Marowak,425
Marowak,425
Marowak,425
Marowak,425
Marowak,425
Marowak,425
Marowak,425
Marshadow,600
Marshadow,600
Marshadow,600
Marshadow,600
Marshtomp,405
Marshtomp,405
Marshtomp,405
Marshtomp,405
Masquerain,414
Masquerain,414
Masquerain,414
Masquerain,414
Masquerain,414
Mawile,380
Mawile,380
Mawile,380
Mawile,380
Mawile,380
Mawile,380
Mawile,380
Mawile,380
Mawile,380
Mawile,380
Mawile,380
Medicham,410
Medicham,410
Medicham,410
Medicham,410
Medicham,410
Medicham,410
Medicham,410
Medicham,410
Meditite,280
Meditite,280
Meditite,280
Meditite,280
Meditite,280
Meditite,280
Meditite,280
Meditite,280
Meganium,525
Meganium,525
Meganium,525
Meganium,525
Meganium,525
Meganium,525
Meganium,525
Meganium,525
Meloetta,600
Meloetta,600
Meloetta,600
Meloetta,600
Meloetta,600
Meloetta,600
Meloetta,600
Meloetta,600
Meloetta,600
Meowstic,467
Meowstic,467
Meowstic,467
Meowstic,467
Meowstic,467
Meowstic,467
Meowth,290
Meowth,290
Meowth,290
Meowth,290
Meowth,290
Meowth,290
Meowth,290
Meowth,290
Meowth,290
Meowth,290
Meowth,290
Meowth,290
Meowth,290
Meowth,290
Meowth,290
Meowth,290
Meowth,290
Meowth,290
Meowth,290
Meowth,290
Meowth,290
Meowth,290
Meowth,290
Meowth,290
Meowth,290
Meowth,290
Meowth,290
Meowth,290
Meowth,290
Meowth,290
Meowth,290
Meowth,290
Mesprit,580
Mesprit,580
Mesprit,580
Mesprit,580
Mesprit,580
Mesprit,580
Mesprit,580
Mesprit,580
Metagross,600
Metagross,600
Metagross,600
Metagross,600
Metagross,600
Metagross,600
Metagross,600
Metagross,600
Metagross,600
Metagross,600
Metagross,600
Metagross,600
Metagross,600
Metagross,600
Metagross,600
Metang,420
Metang,420
Metang,420
Metang,420
Metang,420
Metang,420
Metapod,205
Metapod,205
Metapod,205
Metapod,205
Metapod,205
Metapod,205
Metapod,205
Metapod,205
Metapod,205
Metapod,205
Mew,600
Mew,600
Mew,600
Mew,600
Mew,600
Mew,600
Mew,600
Mew,600
Mew,600
Mew,600
Mew,600
Mew,600
Mew,600
Mew,600
Mew,600
Mew,600
Mew,600
Mew,600
Mew,600
Mew,600
Mew,600
Mew,600
Mew,600
Mew,600
Mew,600
Mew,600
Mew,600
Mewtwo,680
Mewtwo,680
Mewtwo,680
Mewtwo,680
Mewtwo,680
Mewtwo,680
Mewtwo,680
Mewtwo,680
Mewtwo,680
Mewtwo,680
Mewtwo,680
Mewtwo,680
Mewtwo,680
Mewtwo,680
Mewtwo,680
Mewtwo,680
Mewtwo,680
Mewtwo,680
Mewtwo,680
Mewtwo,680
Mewtwo,680
Mewtwo,680
Mewtwo,680
Mewtwo,680
Mewtwo,680
Mewtwo,680
Mewtwo,680
Mewtwo,680
Mewtwo,680
Mewtwo,680
Mewtwo,680
Mewtwo,680
Mienfoo,350
Mienfoo,350
Mienfoo,350
Mienshao,510
Mienshao,510
Mienshao,510
Mightyena,420
Mightyena,420
Mightyena,420
Mightyena,420
Mightyena,420
Mightyena,420
Milotic,540
Milotic,540
Milotic,540
Milotic,540
Milotic,540
Milotic,540
Milotic,540
Milotic,540
Miltank,490
Miltank,490
Miltank,490
Miltank,490
Miltank,490
Miltank,490
Miltank,490
Mime_Jr,310
Mime_Jr,310
Mime_Jr,310
Mime_Jr,310
Mime_Jr,310
Mime_Jr,310
Mime_Jr,310
Mime_Jr,310
Mime_Jr,310
Mime_Jr,310
Mime_Jr,310
Mime_Jr,310
Mime_Jr,310
Mimikyu,476
Mimikyu,476
Mimikyu,476
Mimikyu,476
Mimikyu,476
Mimikyu,476
Mimikyu,476
Mimikyu,476
Mimikyu,476
Minccino,300
Minccino,300
Minccino,300
Minccino,300
Minccino,300
Minccino,300
Minior,500
Minior,500
Minior,500
Minior,500
Minior,500
Minior,500
Minior,500
Minior,500
Minior,500
Minior,500
Minior,500
Minior,500
Minior,500
Minior,500
Minior,500
Minior,500
Minior,500
Minior,500
Minior,500
Minior,500
Minior,500
Minior,500
Minior,500
Minior,500
Minior,500
Minior,500
Minior,500
Minior,500
Minior,500
Minior,500
Minior,500
Minior,500
Minior,500
Minior,500
Minior,500
Minior,500
Minun,405
Minun,405
Minun,405
Minun,405
Minun,405
Minun,405
Minun,405
Minun,405
Misdreavus,435
Misdreavus,435
Misdreavus,435
Misdreavus,435
Misdreavus,435
Misdreavus,435
Misdreavus,435
Misdreavus,435
Misdreavus,435
Misdreavus,435
Misdreavus,435
Misdreavus,435
Misdreavus,435
Misdreavus,435
Mismagius,495
Mismagius,495
Mismagius,495
Mismagius,495
Mismagius,495
Mismagius,495
Mismagius,495
Mismagius,495
Moltres,580
Moltres,580
Moltres,580
Moltres,580
Moltres,580
Moltres,580
Moltres,580
Moltres,580
Moltres,580
Moltres,580
Moltres,580
Moltres,580
Moltres,580
Moltres,580
Moltres,580
Moltres,580
Monferno,405
Monferno,405
Monferno,405
Monferno,405
Monferno,405
Morelull,285
Morelull,285
Morelull,285
Morelull,285
Mothim,424
Mothim,424
Mothim,424
Mr._Mime,460
Mr._Mime,460
Mr._Mime,460
Mr._Mime,460
Mr._Mime,460
Mr._Mime,460
Mr._Mime,460
Mr._Mime,460
Mr._Mime,460
Mudbray,385
Mudbray,385
Mudbray,385
Mudbray,385
Mudkip,310
Mudkip,310
Mudkip,310
Mudkip,310
Mudkip,310
Mudkip,310
Mudkip,310
Mudkip,310
Mudkip,310
Mudkip,310
Mudkip,310
Mudkip,310
Mudkip,310
Mudkip,310
Mudkip,310
Mudsdale,500
Mudsdale,500
Mudsdale,500
Mudsdale,500
Muk,500
Muk,500
Muk,500
Muk,500
Muk,500
Muk,500
Muk,500
Muk,500
Muk,500
Muk,500
Muk,500
Muk,500
Muk,500
Muk,500
Muk,500
Munchlax,390
Munchlax,390
Munchlax,390
Munchlax,390
Munchlax,390
Munchlax,390
Munchlax,390
Munchlax,390
Munchlax,390
Munchlax,390
Munchlax,390
Munchlax,390
Munchlax,390
Munchlax,390
Munchlax,390
Munchlax,390
Munchlax,390
Munna,292
Munna,292
Munna,292
Murkrow,405
Murkrow,405
Murkrow,405
Murkrow,405
Murkrow,405
Murkrow,405
Murkrow,405
Murkrow,405
Murkrow,405
Murkrow,405
Murkrow,405
Murkrow,405
Musharna,487
Musharna,487
Naganadel,540
Naganadel,540
Natu,320
Natu,320
Natu,320
Natu,320
Natu,320
Natu,320
Natu,320
Necrozma,600
Necrozma,600
Necrozma,600
Necrozma,600
Necrozma,600
Necrozma,600
Necrozma,600
Necrozma,600
Necrozma,600
Necrozma,600
Necrozma,600
Nidoking,495
Nidoking,495
Nidoking,495
Nidoking,495
Nidoking,495
Nidoking,495
Nidoqueen,495
Nidoqueen,495
Nidoqueen,495
Nidoqueen,495
Nidoqueen,495
Nidoqueen,495
Nidoqueen,495
Nidoqueen,495
Nidoran%E2%99%80,275
Nidoran%E2%99%80,275
Nidoran%E2%99%80,275
Nidoran%E2%99%80,275
Nidoran%E2%99%80,275
Nidoran%E2%99%80,275
Nidoran%E2%99%80,275
Nidoran%E2%99%82,273
Nidoran%E2%99%82,273
Nidoran%E2%99%82,273
Nidoran%E2%99%82,273
Nidoran%E2%99%82,273
Nidoran%E2%99%82,273
Nidoran%E2%99%82,273
Nidorina,365
Nidorina,365
Nidorina,365
Nidorina,365
Nidorina,365
Nidorina,365
Nidorino,365
Nidorino,365
Nidorino,365
Nidorino,365
Nidorino,365
Nidorino,365
Nidorino,365
Nidorino,365
Nihilego,570
Nihilego,570
Nihilego,570
Nihilego,570
Nincada,266
Nincada,266
Nincada,266
Nincada,266
Ninetales,505
Ninetales,505
Ninetales,505
Ninetales,505
Ninetales,505
Ninetales,505
Ninetales,505
Ninetales,505
Ninetales,505
Ninetales,505
Ninetales,505
Ninetales,505
Ninetales,505
Ninetales,505
Ninetales,505
Ninetales,505
Ninetales,505
Ninetales,505
Ninetales,505
Ninjask,456
Ninjask,456
Ninjask,456
Ninjask,456
Noctowl,442
Noctowl,442
Noctowl,442
Noctowl,442
Noctowl,442
Noctowl,442
Noibat,245
Noibat,245
Noibat,245
Noivern,535
Noivern,535
Nosepass,375
Nosepass,375
Nosepass,375
Nosepass,375
Nosepass,375
Nosepass,375
Numel,305
Numel,305
Numel,305
Numel,305
Nuzleaf,340
Nuzleaf,340
Nuzleaf,340
Nuzleaf,340
Nuzleaf,340
Nuzleaf,340
Octillery,480
Octillery,480
Octillery,480
Octillery,480
Octillery,480
Octillery,480
Octillery,480
Oddish,320
Oddish,320
Oddish,320
Oddish,320
Oddish,320
Oddish,320
Oddish,320
Oddish,320
Oddish,320
Omanyte,355
Omanyte,355
Omanyte,355
Omanyte,355
Omanyte,355
Omanyte,355
Omanyte,355
Omastar,495
Omastar,495
Omastar,495
Omastar,495
Omastar,495
Omastar,495
Omastar,495
Omastar,495
Onix,385
Onix,385
Onix,385
Onix,385
Onix,385
Onix,385
Onix,385
Onix,385
Onix,385
Oranguru,490
Oranguru,490
Oranguru,490
Oranguru,490
Oricorio,476
Oricorio,476
Oricorio,476
Oricorio,476
Oricorio,476
Oricorio,476
Oricorio,476
Oricorio,476
Oricorio,476
Oricorio,476
Oricorio,476
Oricorio,476
Oricorio,476
Oricorio,476
Oricorio,476
Oricorio,476
Oshawott,308
Oshawott,308
Oshawott,308
Oshawott,308
Oshawott,308
Oshawott,308
Oshawott,308
Oshawott,308
Oshawott,308
Oshawott,308
Oshawott,308
Oshawott,308
Oshawott,308
Oshawott,308
Pachirisu,405
Pachirisu,405
Pachirisu,405
Pachirisu,405
Pachirisu,405
Pachirisu,405
Pachirisu,405
Pachirisu,405
Pachirisu,405
Pachirisu,405
Pachirisu,405
Palkia,680
Palkia,680
Palkia,680
Palkia,680
Palkia,680
Palkia,680
Palkia,680
Palkia,680
Palkia,680
Palkia,680
Palkia,680
Palkia,680
Palkia,680
Palossand,480
Palossand,480
Palossand,480
Palossand,480
Palpitoad,384
Palpitoad,384
Pancham,348
Pancham,348
Pancham,348
Pancham,348
Pancham,348
Pancham,348
Pangoro,495
Pangoro,495
Pangoro,495
Pangoro,495
Pangoro,495
Panpour,316
Panpour,316
Panpour,316
Pansage,316
Pansage,316
Pansage,316
Pansage,316
Pansear,316
Pansear,316
Pansear,316
Paras,285
Paras,285
Paras,285
Paras,285
Paras,285
Paras,285
Paras,285
Paras,285
Paras,285
Parasect,405
Parasect,405
Parasect,405
Parasect,405
Parasect,405
Parasect,405
Parasect,405
Parasect,405
Parasect,405
Passimian,490
Passimian,490
Passimian,490
Passimian,490
Patrat,255
Patrat,255
Pawniard,340
Pawniard,340
Pawniard,340
Pelipper,430
Pelipper,430
Pelipper,430
Pelipper,430
Pelipper,430
Pelipper,430
Pelipper,430
Pelipper,430
Pelipper,430
Pelipper,430
Persian,440
Persian,440
Persian,440
Persian,440
Persian,440
Persian,440
Persian,440
Persian,440
Persian,440
Persian,440
Persian,440
Persian,440
Persian,440
Persian,440
Persian,440
Persian,440
Petilil,280
Petilil,280
Petilil,280
Petilil,280
Phanpy,330
Phanpy,330
Phanpy,330
Phanpy,330
Phanpy,330
Phanpy,330
Phanpy,330
Phanpy,330
Phantump,309
Phantump,309
Pheromosa,570
Pheromosa,570
Pheromosa,570
Pheromosa,570
Phione,480
Phione,480
Phione,480
Phione,480
Phione,480
Phione,480
Pichu,205
Pichu,205
Pichu,205
Pichu,205
Pichu,205
Pichu,205
Pichu,205
Pichu,205
Pichu,205
Pichu,205
Pichu,205
Pichu,205
Pichu,205
Pichu,205
Pichu,205
Pichu,205
Pichu,205
Pichu,205
Pichu,205
Pichu,205
Pichu,205
Pichu,205
Pichu,205
Pichu,205
Pichu,205
Pidgeot,469
Pidgeot,469
Pidgeot,469
Pidgeot,469
Pidgeot,469
Pidgeot,469
Pidgeot,469
Pidgeot,469
Pidgeot,469
Pidgeotto,349
Pidgeotto,349
Pidgeotto,349
Pidgeotto,349
Pidgeotto,349
Pidgeotto,349
Pidgeotto,349
Pidgeotto,349
Pidgeotto,349
Pidgey,251
Pidgey,251
Pidgey,251
Pidgey,251
Pidgey,251
Pidgey,251
Pidgey,251
Pidove,264
Pidove,264
Pidove,264
Pignite,418
Pikachu,300
Pikachu,300
Pikachu,300
Pikachu,300
Pikachu,300
Pikachu,300
Pikachu,300
Pikachu,300
Pikachu,300
Pikachu,300
Pikachu,300
Pikachu,300
Pikachu,300
Pikachu,300
Pikachu,300
Pikachu,300
Pikachu,300
Pikachu,300
Pikachu,300
Pikachu,300
Pikachu,300
Pikachu,300
Pikachu,300
Pikachu,300
Pikachu,300
Pikachu,300
Pikachu,300
Pikachu,300
Pikachu,300
Pikachu,300
Pikachu,300
Pikachu,300
Pikachu,300
Pikachu,300
Pikachu,300
Pikachu,300
Pikachu,300
Pikachu,300
Pikachu,300
Pikachu,300
Pikachu,300
Pikachu,300
Pikachu,300
Pikachu,300
Pikachu,300
Pikachu,300
Pikachu,300
Pikachu,300
Pikachu,300
Pikachu,300
Pikachu,300
Pikachu,300
Pikachu,300
Pikachu,300
Pikachu,300
Pikachu,300
Pikachu,300
Pikachu,300
Pikachu,300
Pikachu,300
Pikachu,300
Pikachu,300
Pikachu,300
Pikachu,300
Pikachu,300
Pikachu,300
Pikachu,300
Pikachu,300
Pikachu,300
Pikachu,300
Pikachu,300
Pikachu,300
Pikachu,300
Pikipek,265
Pikipek,265
Pikipek,265
Pikipek,265
Piloswine,450
Piloswine,450
Piloswine,450
Piloswine,450
Piloswine,450
Piloswine,450
Piloswine,450
Pineco,290
Pineco,290
Pineco,290
Pineco,290
Pineco,290
Pinsir,500
Pinsir,500
Pinsir,500
Pinsir,500
Pinsir,500
Pinsir,500
Pinsir,500
Pinsir,500
Pinsir,500
Pinsir,500
Pinsir,500
Pinsir,500
Pinsir,500
Pinsir,500
Pinsir,500
Piplup,314
Piplup,314
Piplup,314
Piplup,314
Piplup,314
Piplup,314
Piplup,314
Piplup,314
Piplup,314
Piplup,314
Piplup,314
Piplup,314
Piplup,314
Piplup,314
Piplup,314
Piplup,314
Piplup,314
Piplup,314
Piplup,314
Piplup,314
Piplup,314
Piplup,314
Piplup,314
Plusle,405
Plusle,405
Plusle,405
Plusle,405
Plusle,405
Plusle,405
Plusle,405
Plusle,405
Plusle,405
Poipole,420
Poipole,420
Politoed,500
Politoed,500
Politoed,500
Politoed,500
Politoed,500
Politoed,500
Politoed,500
Politoed,500
Politoed,500
Politoed,500
Politoed,500
Poliwag,300
Poliwag,300
Poliwag,300
Poliwag,300
Poliwag,300
Poliwag,300
Poliwag,300
Poliwag,300
Poliwag,300
Poliwhirl,385
Poliwhirl,385
Poliwhirl,385
Poliwhirl,385
Poliwhirl,385
Poliwhirl,385
Poliwhirl,385
Poliwhirl,385
Poliwhirl,385
Poliwhirl,385
Poliwrath,510
Poliwrath,510
Poliwrath,510
Poliwrath,510
Poliwrath,510
Poliwrath,510
Poliwrath,510
Poliwrath,510
Poliwrath,510
Ponyta,410
Ponyta,410
Ponyta,410
Ponyta,410
Ponyta,410
Ponyta,410
Ponyta,410
Poochyena,220
Poochyena,220
Poochyena,220
Poochyena,220
Poochyena,220
Poochyena,220
Poochyena,220
Poochyena,220
Poochyena,220
Popplio,320
Popplio,320
Popplio,320
Popplio,320
Popplio,320
Popplio,320
Popplio,320
Porygon,395
Porygon,395
Porygon,395
Porygon,395
Porygon,395
Porygon,395
Porygon,395
Porygon,395
Porygon,395
Porygon,395
Porygon-Z,535
Porygon-Z,535
Porygon-Z,535
Porygon-Z,535
Porygon-Z,535
Porygon-Z,535
Porygon2,515
Porygon2,515
Porygon2,515
Porygon2,515
Porygon2,515
Porygon2,515
Porygon2,515
Porygon2,515
Porygon2,515
Primarina,530
Primarina,530
Primarina,530
Primarina,530
Primarina,530
Primeape,455
Primeape,455
Primeape,455
Primeape,455
Primeape,455
Primeape,455
Primeape,455
Primeape,455
Primeape,455
Prinplup,405
Prinplup,405
Prinplup,405
Prinplup,405
Prinplup,405
Probopass,525
Probopass,525
Probopass,525
Psyduck,320
Psyduck,320
Psyduck,320
Psyduck,320
Psyduck,320
Psyduck,320
Psyduck,320
Psyduck,320
Psyduck,320
Psyduck,320
Pumpkaboo,335
Pumpkaboo,335
Pupitar,410
Pupitar,410
Pupitar,410
Pupitar,410
Pupitar,410
Pupitar,410
Purrloin,281
Purrloin,281
Purugly,452
Purugly,452
Purugly,452
Pyroar,507
Pyroar,507
Pyroar,507
Pyroar,507
Pyroar,507
Pyroar,507
Pyroar,507
Pyroar,507
Pyukumuku,410
Pyukumuku,410
Pyukumuku,410
Pyukumuku,410
Quagsire,430
Quagsire,430
Quagsire,430
Quagsire,430
Quagsire,430
Quagsire,430
Quilava,405
Quilava,405
Quilava,405
Quilava,405
Quilava,405
Quilava,405
Quilava,405
Quilladin,405
Quilladin,405
Qwilfish,430
Qwilfish,430
Qwilfish,430
Qwilfish,430
Qwilfish,430
Raichu,475
Raichu,475
Raichu,475
Raichu,475
Raichu,475
Raichu,475
Raichu,475
Raichu,475
Raichu,475
Raichu,475
Raichu,475
Raichu,475
Raichu,475
Raichu,475
Raichu,475
Raichu,475
Raichu,475
Raichu,475
Raikou,580
Raikou,580
Raikou,580
Raikou,580
Raikou,580
Raikou,580
Raikou,580
Raikou,580
Raikou,580
Raikou,580
Raikou,580
Ralts,198
Ralts,198
Ralts,198
Ralts,198
Ralts,198
Ralts,198
Rampardos,495
Rampardos,495
Rampardos,495
Rampardos,495
Rampardos,495
Rampardos,495
Rapidash,500
Rapidash,500
Rapidash,500
Rapidash,500
Rapidash,500
Rapidash,500
Raticate,413
Raticate,413
Raticate,413
Raticate,413
Raticate,413
Raticate,413
Raticate,413
Raticate,413
Raticate,413
Raticate,413
Raticate,413
Raticate,413
Raticate,413
Rattata,253
Rattata,253
Rattata,253
Rattata,253
Rattata,253
Rattata,253
Rattata,253
Rattata,253
Rattata,253
Rattata,253
Rattata,253
Rattata,253
Rattata,253
Rattata,253
Rattata,253
Rattata,253
Rattata,253
Rattata,253
Rayquaza,680
Rayquaza,680
Rayquaza,680
Rayquaza,680
Rayquaza,680
Rayquaza,680
Rayquaza,680
Rayquaza,680
Rayquaza,680
Rayquaza,680
Rayquaza,680
Rayquaza,680
Rayquaza,680
Rayquaza,680
Rayquaza,680
Rayquaza,680
Rayquaza,680
Rayquaza,680
Rayquaza,680
Rayquaza,680
Rayquaza,680
Rayquaza,680
Rayquaza,680
Rayquaza,680
Regice,580
Regice,580
Regice,580
Regice,580
Regice,580
Regigigas,670
Regigigas,670
Regigigas,670
Regigigas,670
Regigigas,670
Regirock,580
Regirock,580
Regirock,580
Regirock,580
Regirock,580
Registeel,580
Registeel,580
Registeel,580
Registeel,580
Registeel,580
Registeel,580
Registeel,580
Relicanth,485
Relicanth,485
Relicanth,485
Relicanth,485
Relicanth,485
Relicanth,485
Remoraid,300
Remoraid,300
Remoraid,300
Remoraid,300
Remoraid,300
Remoraid,300
Remoraid,300
Reshiram,680
Reshiram,680
Reshiram,680
Reshiram,680
Reshiram,680
Reshiram,680
Reuniclus,490
Reuniclus,490
Reuniclus,490
Rhydon,485
Rhydon,485
Rhydon,485
Rhydon,485
Rhydon,485
Rhydon,485
Rhydon,485
Rhydon,485
Rhydon,485
Rhyhorn,345
Rhyhorn,345
Rhyhorn,345
Rhyhorn,345
Rhyhorn,345
Rhyhorn,345
Rhyhorn,345
Rhyhorn,345
Rhyhorn,345
Rhyperior,535
Rhyperior,535
Rhyperior,535
Rhyperior,535
Rhyperior,535
Ribombee,464
Ribombee,464
Ribombee,464
Ribombee,464
Riolu,285
Riolu,285
Riolu,285
Riolu,285
Riolu,285
Riolu,285
Riolu,285
Riolu,285
Riolu,285
Riolu,285
Riolu,285
Riolu,285
Rockruff,280
Rockruff,280
Rockruff,280
Rockruff,280
Rockruff,280
Rockruff,280
Roggenrola,280
Roggenrola,280
Roggenrola,280
Roggenrola,280
Roggenrola,280
Roselia,400
Roselia,400
Roselia,400
Roselia,400
Roselia,400
Roselia,400
Roselia,400
Roserade,515
Roserade,515
Roserade,515
Roserade,515
Rotom,440
Rotom,440
Rotom,440
Rotom,440
Rotom,440
Rotom,440
Rotom,440
Rotom,440
Rotom,440
Rotom,440
Rotom,440
Rotom,440
Rotom,440
Rotom,440
Rotom,440
Rotom,440
Rotom,440
Rotom,440
Rotom,440
Rotom,440
Rotom,440
Rotom,440
Rotom,440
Rotom,440
Rotom,440
Rowlet,320
Rowlet,320
Rowlet,320
Rowlet,320
Rowlet,320
Rufflet,350
Rufflet,350
Rufflet,350
Sableye,380
Sableye,380
Sableye,380
Sableye,380
Sableye,380
Sableye,380
Sableye,380
Sableye,380
Sableye,380
Sableye,380
Sableye,380
Salamence,600
Salamence,600
Salamence,600
Salamence,600
Salamence,600
Salamence,600
Salandit,320
Salandit,320
Salandit,320
Salandit,320
Salazzle,480
Salazzle,480
Salazzle,480
Salazzle,480
Samurott,528
Samurott,528
Samurott,528
Samurott,528
Sandile,292
Sandile,292
Sandile,292
Sandile,292
Sandshrew,300
Sandshrew,300
Sandshrew,300
Sandshrew,300
Sandshrew,300
Sandshrew,300
Sandshrew,300
Sandshrew,300
Sandshrew,300
Sandshrew,300
Sandshrew,300
Sandshrew,300
Sandshrew,300
Sandshrew,300
Sandshrew,300
Sandshrew,300
Sandslash,450
Sandslash,450
Sandslash,450
Sandslash,450
Sandslash,450
Sandslash,450
Sandslash,450
Sandslash,450
Sandslash,450
Sandslash,450
Sandslash,450
Sandslash,450
Sandslash,450
Sandslash,450
Sandslash,450
Sandslash,450
Sandygast,320
Sandygast,320
Sandygast,320
Sandygast,320
Sawk,465
Sawk,465
Sawsbuck,475
Sawsbuck,475
Sawsbuck,475
Sawsbuck,475
Sawsbuck,475
Sawsbuck,475
Scatterbug,200
Scatterbug,200
Sceptile,530
Sceptile,530
Sceptile,530
Sceptile,530
Sceptile,530
Sceptile,530
Sceptile,530
Sceptile,530
Sceptile,530
Sceptile,530
Sceptile,530
Sceptile,530
Scizor,500
Scizor,500
Scizor,500
Scizor,500
Scizor,500
Scizor,500
Scizor,500
Scizor,500
Scizor,500
Scizor,500
Scizor,500
Scizor,500
Scizor,500
Scizor,500
Scizor,500
Scizor,500
Scizor,500
Scolipede,485
Scolipede,485
Scrafty,488
Scrafty,488
Scrafty,488
Scraggy,348
Scraggy,348
Scraggy,348
Scraggy,348
Scraggy,348
Scraggy,348
Scraggy,348
Scyther,500
Scyther,500
Scyther,500
Scyther,500
Scyther,500
Scyther,500
Scyther,500
Scyther,500
Scyther,500
Scyther,500
Scyther,500
Scyther,500
Seadra,440
Seadra,440
Seadra,440
Seadra,440
Seadra,440
Seadra,440
Seadra,440
Seadra,440
Seadra,440
Seaking,450
Seaking,450
Seaking,450
Seaking,450
Seaking,450
Seaking,450
Seaking,450
Sealeo,410
Sealeo,410
Sealeo,410
Sealeo,410
Seedot,220
Seedot,220
Seedot,220
Seedot,220
Seel,325
Seel,325
Seel,325
Seel,325
Seel,325
Seel,325
Seel,325
Seismitoad,509
Seismitoad,509
Sentret,215
Sentret,215
Sentret,215
Sentret,215
Sentret,215
Sentret,215
Serperior,528
Serperior,528
Serperior,528
Serperior,528
Serperior,528
Servine,403
Servine,403
Servine,403
Servine,403
Seviper,458
Seviper,458
Seviper,458
Seviper,458
Seviper,458
Seviper,458
Seviper,458
Sewaddle,310
Sewaddle,310
Sewaddle,310
Sharpedo,460
Sharpedo,460
Sharpedo,460
Sharpedo,460
Sharpedo,460
Sharpedo,460
Sharpedo,460
Sharpedo,460
Sharpedo,460
Sharpedo,460
Sharpedo,460
Shaymin,600
Shaymin,600
Shaymin,600
Shaymin,600
Shaymin,600
Shaymin,600
Shaymin,600
Shaymin,600
Shaymin,600
Shaymin,600
Shaymin,600
Shaymin,600
Shaymin,600
Shaymin,600
Shaymin,600
Shaymin,600
Shaymin,600
Shaymin,600
Shaymin,600
Shaymin,600
Shaymin,600
Shaymin,600
Shaymin,600
Shaymin,600
Shedinja,236
Shedinja,236
Shedinja,236
Shedinja,236
Shedinja,236
Shelgon,420
Shelgon,420
Shelgon,420
Shelgon,420
Shelgon,420
Shellder,305
Shellder,305
Shellder,305
Shellder,305
Shellder,305
Shellder,305
Shellder,305
Shellos,325
Shellos,325
Shellos,325
Shellos,325
Shellos,325
Shellos,325
Shellos,325
Shellos,325
Shelmet,305
Shelmet,305
Shieldon,350
Shieldon,350
Shieldon,350
Shieldon,350
Shieldon,350
Shieldon,350
Shieldon,350
Shieldon,350
Shiftry,480
Shiftry,480
Shiftry,480
Shiftry,480
Shiftry,480
Shiinotic,405
Shiinotic,405
Shinx,263
Shinx,263
Shinx,263
Shinx,263
Shinx,263
Shinx,263
Shroomish,295
Shroomish,295
Shroomish,295
Shroomish,295
Shroomish,295
Shroomish,295
Shuckle,505
Shuckle,505
Shuckle,505
Shuckle,505
Shuckle,505
Shuckle,505
Shuppet,295
Shuppet,295
Shuppet,295
Shuppet,295
Shuppet,295
Sigilyph,490
Sigilyph,490
Sigilyph,490
Sigilyph,490
Silcoon,205
Silcoon,205
Silcoon,205
Silcoon,205
Silcoon,205
Silvally,570
Silvally,570
Silvally,570
Silvally,570
Silvally,570
Silvally,570
Silvally,570
Silvally,570
Silvally,570
Silvally,570
Silvally,570
Silvally,570
Silvally,570
Silvally,570
Silvally,570
Silvally,570
Silvally,570
Silvally,570
Silvally,570
Silvally,570
Silvally,570
Silvally,570
Silvally,570
Silvally,570
Silvally,570
Simipour,498
Simipour,498
Simipour,498
Simisage,498
Simisage,498
Simisear,498
Simisear,498
Skarmory,465
Skarmory,465
Skarmory,465
Skarmory,465
Skarmory,465
Skarmory,465
Skarmory,465
Skarmory,465
Skarmory,465
Skarmory,465
Skarmory,465
Skarmory,465
Skiddo,350
Skiddo,350
Skiploom,340
Skiploom,340
Skiploom,340
Skiploom,340
Skiploom,340
Skiploom,340
Skitty,260
Skitty,260
Skitty,260
Skitty,260
Skitty,260
Skitty,260
Skitty,260
Skitty,260
Skitty,260
Skorupi,330
Skorupi,330
Skorupi,330
Skorupi,330
Skorupi,330
Skrelp,320
Skrelp,320
Skuntank,479
Skuntank,479
Skuntank,479
Skuntank,479
Slaking,670
Slaking,670
Slaking,670
Slaking,670
Slakoth,280
Slakoth,280
Slakoth,280
Slakoth,280
Slakoth,280
Sliggoo,452
Sliggoo,452
Sliggoo,452
Slowbro,490
Slowbro,490
Slowbro,490
Slowbro,490
Slowbro,490
Slowbro,490
Slowbro,490
Slowbro,490
Slowbro,490
Slowbro,490
Slowbro,490
Slowbro,490
Slowking,490
Slowking,490
Slowking,490
Slowking,490
Slowking,490
Slowking,490
Slowking,490
Slowpoke,315
Slowpoke,315
Slowpoke,315
Slowpoke,315
Slowpoke,315
Slowpoke,315
Slowpoke,315
Slowpoke,315
Slowpoke,315
Slowpoke,315
Slugma,250
Slugma,250
Slugma,250
Slugma,250
Slurpuff,480
Slurpuff,480
Smeargle,250
Smeargle,250
Smeargle,250
Smeargle,250
Smeargle,250
Smeargle,250
Smeargle,250
Smeargle,250
Smeargle,250
Smeargle,250
Smeargle,250
Smoochum,305
Smoochum,305
Smoochum,305
Smoochum,305
Smoochum,305
Smoochum,305
Smoochum,305
Sneasel,430
Sneasel,430
Sneasel,430
Sneasel,430
Sneasel,430
Sneasel,430
Sneasel,430
Sneasel,430
Sneasel,430
Sneasel,430
Sneasel,430
Sneasel,430
Sneasel,430
Sneasel,430
Sneasel,430
Snivy,308
Snivy,308
Snivy,308
Snivy,308
Snivy,308
Snivy,308
Snivy,308
Snivy,308
Snivy,308
Snivy,308
Snivy,308
Snivy,308
Snivy,308
Snorlax,540
Snorlax,540
Snorlax,540
Snorlax,540
Snorlax,540
Snorlax,540
Snorlax,540
Snorlax,540
Snorlax,540
Snorlax,540
Snorlax,540
Snorunt,300
Snorunt,300
Snorunt,300
Snorunt,300
Snorunt,300
Snorunt,300
Snorunt,300
Snorunt,300
Snover,334
Snover,334
Snover,334
Snover,334
Snover,334
Snubbull,300
Snubbull,300
Snubbull,300
Snubbull,300
Snubbull,300
Snubbull,300
Solgaleo,680
Solgaleo,680
Solgaleo,680
Solgaleo,680
Solgaleo,680
Solgaleo,680
Solgaleo,680
Solgaleo,680
Solosis,290
Solosis,290
Solosis,290
Solrock,440
Solrock,440
Solrock,440
Solrock,440
Spearow,262
Spearow,262
Spearow,262
Spearow,262
Spearow,262
Spearow,262
Spearow,262
Spearow,262
Spearow,262
Spewpa,213
Spewpa,213
Spheal,290
Spheal,290
Spheal,290
Spheal,290
Spheal,290
Spinarak,250
Spinarak,250
Spinarak,250
Spinarak,250
Spinarak,250
Spinarak,250
Spinarak,250
Spinarak,250
Spinarak,250
Spinda,360
Spinda,360
Spinda,360
Spinda,360
Spinda,360
Spinda,360
Spinda,360
Spinda,360
Spinda,360
Spiritomb,485
Spiritomb,485
Spiritomb,485
Spiritomb,485
Spoink,330
Spoink,330
Spoink,330
Spoink,330
Spoink,330
Spoink,330
Spoink,330
Spritzee,341
Spritzee,341
Squirtle,314
Squirtle,314
Squirtle,314
Squirtle,314
Squirtle,314
Squirtle,314
Squirtle,314
Squirtle,314
Squirtle,314
Squirtle,314
Squirtle,314
Squirtle,314
Squirtle,314
Squirtle,314
Squirtle,314
Squirtle,314
Squirtle,314
Squirtle,314
Squirtle,314
Squirtle,314
Squirtle,314
Stakataka,570
Stakataka,570
Stantler,465
Stantler,465
Stantler,465
Stantler,465
Stantler,465
Stantler,465
Staraptor,485
Staraptor,485
Staraptor,485
Staraptor,485
Staraptor,485
Staravia,340
Staravia,340
Staravia,340
Staravia,340
Starly,245
Starly,245
Starly,245
Starly,245
Starly,245
Starly,245
Starly,245
Starly,245
Starly,245
Starmie,520
Starmie,520
Starmie,520
Starmie,520
Starmie,520
Starmie,520
Starmie,520
Starmie,520
Starmie,520
Starmie,520
Staryu,340
Staryu,340
Staryu,340
Staryu,340
Staryu,340
Staryu,340
Staryu,340
Staryu,340
Staryu,340
Staryu,340
Staryu,340
Staryu,340
Steelix,510
Steelix,510
Steelix,510
Steelix,510
Steelix,510
Steelix,510
Steelix,510
Steelix,510
Steelix,510
Steelix,510
Steenee,290
Steenee,290
Steenee,290
Stoutland,500
Stoutland,500
Stoutland,500
Stoutland,500
Stoutland,500
Stufful,340
Stufful,340
Stufful,340
Stufful,340
Stufful,340
Stunfisk,471
Stunfisk,471
Stunky,329
Stunky,329
Stunky,329
Stunky,329
Stunky,329
Stunky,329
Sudowoodo,410
Sudowoodo,410
Sudowoodo,410
Sudowoodo,410
Sudowoodo,410
Sudowoodo,410
Sudowoodo,410
Sudowoodo,410
Sudowoodo,410
Sudowoodo,410
Sudowoodo,410
Sudowoodo,410
Sudowoodo,410
Sudowoodo,410
Suicune,580
Suicune,580
Suicune,580
Suicune,580
Suicune,580
Suicune,580
Suicune,580
Suicune,580
Suicune,580
Suicune,580
Suicune,580
Suicune,580
Suicune,580
Suicune,580
Suicune,580
Suicune,580
Suicune,580
Suicune,580
Suicune,580
Sunflora,425
Sunflora,425
Sunflora,425
Sunflora,425
Sunflora,425
Sunflora,425
Sunkern,180
Sunkern,180
Sunkern,180
Sunkern,180
Surskit,269
Surskit,269
Surskit,269
Surskit,269
Surskit,269
Swablu,310
Swablu,310
Swablu,310
Swablu,310
Swablu,310
Swablu,310
Swadloon,380
Swadloon,380
Swadloon,380
Swalot,467
Swalot,467
Swalot,467
Swalot,467
Swalot,467
Swalot,467
Swampert,535
Swampert,535
Swampert,535
Swampert,535
Swampert,535
Swampert,535
Swampert,535
Swampert,535
Swampert,535
Swanna,473
Swanna,473
Swellow,430
Swellow,430
Swellow,430
Swellow,430
Swellow,430
Swellow,430
Swinub,250
Swinub,250
Swinub,250
Swinub,250
Swinub,250
Swinub,250
Swinub,250
Swirlix,341
Swirlix,341
Swirlix,341
Swirlix,341
Swirlix,341
Swirlix,341
Swirlix,341
Swirlix,341
Swoobat,425
Swoobat,425
Sylveon,525
Sylveon,525
Sylveon,525
Sylveon,525
Sylveon,525
Sylveon,525
Sylveon,525
Sylveon,525
Sylveon,525
Sylveon,525
Sylveon,525
Sylveon,525
Sylveon,525
Sylveon,525
Taillow,270
Taillow,270
Taillow,270
Taillow,270
Taillow,270
Taillow,270
Taillow,270
Taillow,270
Taillow,270
Talonflame,499
Talonflame,499
Talonflame,499
Talonflame,499
Talonflame,499
Tangela,435
Tangela,435
Tangela,435
Tangela,435
Tangela,435
Tangela,435
Tangrowth,535
Tangrowth,535
Tangrowth,535
Tangrowth,535
Tangrowth,535
Tapu_Bulu,570
Tapu_Bulu,570
Tapu_Bulu,570
Tapu_Bulu,570
Tapu_Fini,570
Tapu_Fini,570
Tapu_Fini,570
Tapu_Fini,570
Tapu_Koko,570
Tapu_Koko,570
Tapu_Koko,570
Tapu_Koko,570
Tapu_Koko,570
Tapu_Lele,570
Tapu_Lele,570
Tapu_Lele,570
Tapu_Lele,570
Tauros,490
Tauros,490
Tauros,490
Tauros,490
Tauros,490
Tauros,490
Tauros,490
Tauros,490
Tauros,490
Tauros,490
Teddiursa,330
Teddiursa,330
Teddiursa,330
Teddiursa,330
Teddiursa,330
Teddiursa,330
Teddiursa,330
Teddiursa,330
Teddiursa,330
Tentacool,335
Tentacool,335
Tentacool,335
Tentacool,335
Tentacool,335
Tentacool,335
Tentacool,335
Tentacool,335
Tentacruel,515
Tentacruel,515
Tentacruel,515
Tentacruel,515
Tentacruel,515
Tentacruel,515
Tentacruel,515
Tentacruel,515
Tepig,308
Tepig,308
Tepig,308
Tepig,308
Tepig,308
Terrakion,580
Terrakion,580
Throh,465
Throh,465
Thundurus,580
Thundurus,580
Thundurus,580
Thundurus,580
Thundurus,580
Thundurus,580
Timburr,305
Timburr,305
Tirtouga,355
Tirtouga,355
Tirtouga,355
Tirtouga,355
Togedemaru,435
Togedemaru,435
Togedemaru,435
Togedemaru,435
Togekiss,545
Togekiss,545
Togekiss,545
Togekiss,545
Togekiss,545
Togepi,245
Togepi,245
Togepi,245
Togepi,245
Togepi,245
Togepi,245
Togepi,245
Togepi,245
Togepi,245
Togepi,245
Togetic,405
Togetic,405
Togetic,405
Togetic,405
Togetic,405
Torchic,310
Torchic,310
Torchic,310
Torchic,310
Torchic,310
Torchic,310
Torchic,310
Torchic,310
Torchic,310
Torchic,310
Torchic,310
Torchic,310
Torchic,310
Torchic,310
Torchic,310
Torchic,310
Torchic,310
Torkoal,470
Torkoal,470
Torkoal,470
Torkoal,470
Torkoal,470
Torkoal,470
Torkoal,470
Torkoal,470
Torkoal,470
Tornadus,580
Tornadus,580
Tornadus,580
Tornadus,580
Tornadus,580
Tornadus,580
Torracat,420
Torracat,420
Torracat,420
Torracat,420
Torracat,420
Torterra,525
Torterra,525
Torterra,525
Torterra,525
Torterra,525
Torterra,525
Totodile,314
Totodile,314
Totodile,314
Totodile,314
Totodile,314
Totodile,314
Totodile,314
Totodile,314
Totodile,314
Totodile,314
Totodile,314
Totodile,314
Totodile,314
Totodile,314
Toucannon,485
Toucannon,485
Toucannon,485
Toucannon,485
Toxapex,495
Toxapex,495
Toxapex,495
Toxapex,495
Toxicroak,490
Toxicroak,490
Toxicroak,490
Tranquill,358
Tranquill,358
Trapinch,290
Trapinch,290
Trapinch,290
Trapinch,290
Trapinch,290
Trapinch,290
Treecko,310
Treecko,310
Treecko,310
Treecko,310
Treecko,310
Treecko,310
Treecko,310
Treecko,310
Treecko,310
Treecko,310
Treecko,310
Treecko,310
Treecko,310
Treecko,310
Treecko,310
Treecko,310
Treecko,310
Trevenant,474
Trevenant,474
Tropius,460
Tropius,460
Tropius,460
Tropius,460
Tropius,460
Trubbish,329
Trubbish,329
Trubbish,329
Trubbish,329
Trubbish,329
Trumbeak,355
Trumbeak,355
Trumbeak,355
Trumbeak,355
Tsareena,510
Tsareena,510
Tsareena,510
Turtonator,485
Turtonator,485
Turtonator,485
Turtonator,485
Turtwig,318
Turtwig,318
Turtwig,318
Turtwig,318
Turtwig,318
Turtwig,318
Turtwig,318
Turtwig,318
Turtwig,318
Turtwig,318
Turtwig,318
Turtwig,318
Turtwig,318
Turtwig,318
Turtwig,318
Turtwig,318
Turtwig,318
Turtwig,318
Turtwig,318
Turtwig,318
Tympole,294
Tympole,294
Tynamo,275
Tynamo,275
Typhlosion,534
Typhlosion,534
Typhlosion,534
Typhlosion,534
Typhlosion,534
Typhlosion,534
Typhlosion,534
Tyranitar,600
Tyranitar,600
Tyranitar,600
Tyranitar,600
Tyranitar,600
Tyranitar,600
Tyranitar,600
Tyranitar,600
Tyranitar,600
Tyranitar,600
Tyranitar,600
Tyranitar,600
Tyrantrum,521
Tyrantrum,521
Tyrogue,210
Tyrogue,210
Tyrogue,210
Tyrogue,210
Tyrogue,210
Tyrogue,210
Tyrogue,210
Tyrunt,362
Tyrunt,362
Tyrunt,362
Umbreon,525
Umbreon,525
Umbreon,525
Umbreon,525
Umbreon,525
Umbreon,525
Umbreon,525
Umbreon,525
Umbreon,525
Umbreon,525
Umbreon,525
Umbreon,525
Umbreon,525
Umbreon,525
Umbreon,525
Unfezant,488
Unfezant,488
Unfezant,488
Unown,336
Unown,336
Unown,336
Unown,336
Unown,336
Unown,336
Unown,336
Unown,336
Unown,336
Unown,336
Unown,336
Unown,336
Unown,336
Unown,336
Unown,336
Unown,336
Unown,336
Unown,336
Unown,336
Unown,336
Ursaring,500
Ursaring,500
Ursaring,500
Ursaring,500
Ursaring,500
Ursaring,500
Ursaring,500
Ursaring,500
Uxie,580
Uxie,580
Uxie,580
Uxie,580
Uxie,580
Uxie,580
Uxie,580
Uxie,580
Vanillish,395
Vanillish,395
Vanillish,395
Vanillite,305
Vanillite,305
Vanillite,305
Vanilluxe,535
Vanilluxe,535
Vanilluxe,535
Vaporeon,525
Vaporeon,525
Vaporeon,525
Vaporeon,525
Vaporeon,525
Vaporeon,525
Vaporeon,525
Vaporeon,525
Vaporeon,525
Vaporeon,525
Vaporeon,525
Vaporeon,525
Vaporeon,525
Venipede,260
Venipede,260
Venomoth,450
Venomoth,450
Venomoth,450
Venomoth,450
Venomoth,450
Venomoth,450
Venomoth,450
Venonat,305
Venonat,305
Venonat,305
Venonat,305
Venonat,305
Venonat,305
Venonat,305
Venusaur,525
Venusaur,525
Venusaur,525
Venusaur,525
Venusaur,525
Venusaur,525
Venusaur,525
Venusaur,525
Venusaur,525
Venusaur,525
Venusaur,525
Venusaur,525
Venusaur,525
Venusaur,525
Venusaur,525
Venusaur,525
Vespiquen,474
Vespiquen,474
Vespiquen,474
Vibrava,340
Vibrava,340
Vibrava,340
Vibrava,340
Vibrava,340
Vibrava,340
Victini,600
Victini,600
Victini,600
Victini,600
Victini,600
Victini,600
Victini,600
Victini,600
Victini,600
Victini,600
Victini,600
Victini,600
Victini,600
Victreebel,490
Victreebel,490
Victreebel,490
Victreebel,490
Victreebel,490
Victreebel,490
Victreebel,490
Vigoroth,440
Vigoroth,440
Vigoroth,440
Vigoroth,440
Vigoroth,440
Vikavolt,500
Vikavolt,500
Vikavolt,500
Vikavolt,500
Vileplume,490
Vileplume,490
Vileplume,490
Vileplume,490
Vileplume,490
Vileplume,490
Vileplume,490
Vileplume,490
Virizion,580
Virizion,580
Virizion,580
Virizion,580
Vivillon,411
Vivillon,411
Vivillon,411
Vivillon,411
Vivillon,411
Vivillon,411
Vivillon,411
Vivillon,411
Vivillon,411
Vivillon,411
Vivillon,411
Vivillon,411
Vivillon,411
Vivillon,411
Vivillon,411
Vivillon,411
Vivillon,411
Vivillon,411
Vivillon,411
Vivillon,411
Vivillon,411
Vivillon,411
Volbeat,400
Volbeat,400
Volbeat,400
Volbeat,400
Volcanion,600
Volcanion,600
Volcarona,550
Volcarona,550
Voltorb,330
Voltorb,330
Voltorb,330
Voltorb,330
Voltorb,330
Voltorb,330
Voltorb,330
Voltorb,330
Vullaby,370
Vullaby,370
Vullaby,370
Vullaby,370
Vulpix,299
Vulpix,299
Vulpix,299
Vulpix,299
Vulpix,299
Vulpix,299
Vulpix,299
Vulpix,299
Vulpix,299
Vulpix,299
Vulpix,299
Vulpix,299
Vulpix,299
Vulpix,299
Vulpix,299
Vulpix,299
Vulpix,299
Vulpix,299
Vulpix,299
Wailmer,400
Wailmer,400
Wailmer,400
Wailmer,400
Wailmer,400
Wailmer,400
Wailmer,400
Wailmer,400
Wailord,500
Wailord,500
Wailord,500
Wailord,500
Wailord,500
Wailord,500
Wailord,500
Wailord,500
Wailord,500
Walrein,530
Walrein,530
Walrein,530
Walrein,530
Wartortle,405
Wartortle,405
Wartortle,405
Wartortle,405
Wartortle,405
Wartortle,405
Wartortle,405
Wartortle,405
Watchog,420
Watchog,420
Watchog,420
Weavile,510
Weavile,510
Weavile,510
Weavile,510
Weavile,510
Weavile,510
Weavile,510
Weavile,510
Weavile,510
Weavile,510
Weavile,510
Weedle,195
Weedle,195
Weedle,195
Weedle,195
Weedle,195
Weedle,195
Weepinbell,390
Weepinbell,390
Weepinbell,390
Weepinbell,390
Weepinbell,390
Weepinbell,390
Weezing,490
Weezing,490
Weezing,490
Weezing,490
Weezing,490
Weezing,490
Weezing,490
Weezing,490
Whimsicott,480
Whimsicott,480
Whimsicott,480
Whimsicott,480
Whirlipede,360
Whirlipede,360
Whiscash,468
Whiscash,468
Whiscash,468
Whiscash,468
Whiscash,468
Whiscash,468
Whiscash,468
Whiscash,468
Whismur,240
Whismur,240
Whismur,240
Whismur,240
Whismur,240
Whismur,240
Whismur,240
Wigglytuff,425
Wigglytuff,425
Wigglytuff,425
Wigglytuff,425
Wigglytuff,425
Wigglytuff,425
Wigglytuff,425
Wigglytuff,425
Wigglytuff,425
Wigglytuff,425
Wigglytuff,425
Wigglytuff,425
Wigglytuff,425
Wimpod,230
Wimpod,230
Wimpod,230
Wimpod,230
Wingull,270
Wingull,270
Wingull,270
Wingull,270
Wingull,270
Wishiwashi,620
Wishiwashi,620
Wishiwashi,620
Wishiwashi,620
Wishiwashi,620
Wishiwashi,620
Wobbuffet,405
Wobbuffet,405
Wobbuffet,405
Wobbuffet,405
Wobbuffet,405
Wobbuffet,405
Wobbuffet,405
Wobbuffet,405
Wobbuffet,405
Wobbuffet,405
Wobbuffet,405
Wobbuffet,405
Wobbuffet,405
Woobat,313
Woobat,313
Wooper,210
Wooper,210
Wooper,210
Wooper,210
Wooper,210
Wooper,210
Wormadam,424
Wormadam,424
Wormadam,424
Wormadam,424
Wormadam,424
Wormadam,424
Wurmple,195
Wurmple,195
Wurmple,195
Wurmple,195
Wurmple,195
Wynaut,260
Wynaut,260
Wynaut,260
Wynaut,260
Wynaut,260
Wynaut,260
Wynaut,260
Wynaut,260
Wynaut,260
Wynaut,260
Xatu,470
Xatu,470
Xatu,470
Xatu,470
Xatu,470
Xatu,470
Xatu,470
Xerneas,680
Xerneas,680
Xerneas,680
Xerneas,680
Xerneas,680
Xerneas,680
Xerneas,680
Xerneas,680
Xerneas,680
Xerneas,680
Xurkitree,570
Xurkitree,570
Xurkitree,570
Xurkitree,570
Yamask,303
Yamask,303
Yanma,390
Yanma,390
Yanma,390
Yanma,390
Yanma,390
Yanma,390
Yanma,390
Yanmega,515
Yanmega,515
Yanmega,515
Yanmega,515
Yanmega,515
Yungoos,253
Yungoos,253
Yungoos,253
Yveltal,680
Yveltal,680
Yveltal,680
Yveltal,680
Yveltal,680
Yveltal,680
Yveltal,680
Yveltal,680
Yveltal,680
Yveltal,680
Yveltal,680
Yveltal,680
Zangoose,458
Zangoose,458
Zangoose,458
Zangoose,458
Zangoose,458
Zangoose,458
Zapdos,580
Zapdos,580
Zapdos,580
Zapdos,580
Zapdos,580
Zapdos,580
Zapdos,580
Zapdos,580
Zapdos,580
Zapdos,580
Zapdos,580
Zapdos,580
Zapdos,580
Zapdos,580
Zapdos,580
Zebstrika,497
Zebstrika,497
Zekrom,680
Zekrom,680
Zekrom,680
Zekrom,680
Zekrom,680
Zekrom,680
Zeraora,600
Zeraora,600
Zeraora,600
Zeraora,600
Zeraora,600
Zigzagoon,240
Zigzagoon,240
Zigzagoon,240
Zigzagoon,240
Zigzagoon,240
Zoroark,510
Zoroark,510
Zoroark,510
Zoroark,510
Zoroark,510
Zoroark,510
Zoroark,510
Zorua,330
Zorua,330
Zorua,330
Zorua,330
Zorua,330
Zorua,330
Zorua,330
Zorua,330
Zorua,330
Zorua,330
Zorua,330
Zubat,245
Zubat,245
Zubat,245
Zubat,245
Zubat,245
Zubat,245
Zubat,245
Zubat,245
Zubat,245
Zubat,245
Zubat,245
Zweilous,420
Zweilous,420
Zygarde,708
Zygarde,708
Zygarde,708
Zygarde,708
Zygarde,708
Zygarde,708
Zygarde,708
Zygarde,708
Zygarde,708
Zygarde,708
Zygarde,708
Zygarde,708
Zygarde,708
Zygarde,708
Zygarde,708
Zygarde,708
